"date","region","cc","market","dimension","dimension_cn","group","term","signal_quality","social_top_rank","social_top_name","top1","top2","top3","top1_seller"
"2026-08-31","北美","us","美国","news_public","新闻与公共议题","信息公共场","news","ok","","","Apple News","CNN: Live & Breaking News","Google News","Apple Inc."
"2026-08-31","北美","us","美国","short_video","看短视频","视频消费","short videos","ok","","","ReelShort - Stream Drama & TV","Scoopz: Your People Your Video","Reeliyo - Short Videos","New Leaf Publishing, Inc."
"2026-08-31","北美","us","美国","recipes","做饭找菜谱","生活决策","recipes","ok","","","Tasty: Recipes, Cooking Videos","NYT Cooking: Quick Tasty Meals","ReciMe: Recipes & Meal Planner","BuzzFeed"
"2026-08-31","东亚","jp","日本","news_public","新闻与公共议题","信息公共场","ニュース","ok","","","スマートニュース｜ニュースアプリ・ポイ活・クーポン・天気","Yahoo!ニュース -最新ニュースや防災・天気・ヤフコメも","日本経済新聞 電子版 - ビジネス・政治・金融・経済ニュース","SmartNews, Inc."
"2026-08-31","东亚","jp","日本","short_video","看短视频","视频消费","ショート動画","ok","5","TikTok ティックトック","DramaBox（ドラマボックス） -ショートドラマ見放題","ReelShort - オリジナル短尺ドラマ見放題","CapCut：写真＆動画エディター","STORYMATRIX PTE. LTD"
"2026-08-31","东亚","jp","日本","recipes","做饭找菜谱","生活决策","レシピ","ok","","","クラシル - 毎日の献立に！レシピ動画で料理がおいしく作れる","レシピはクックパッド -No1節約料理や献立の検索アプリ","レシピ動画で料理献立を簡単‪に - デリッシュキッチン","Kurashiru, Inc"
"2026-08-31","北美","us","美国","news_public","新闻与公共议题","信息公共场","news","ok","","","Apple News","CNN: Live & Breaking News","Google News","Apple Inc."
"2026-08-31","北美","us","美国","chat_friends","与朋友聊天","私域沟通","chat with friends","ok","8","Discord - Talk, Play, Hang Out","Yubo: Chat Meet & Make Friends","Bored Chat-chat with strangers","Fam - make new friends live","Twelve APP"
"2026-08-31","北美","us","美国","short_video","看短视频","视频消费","short videos","ok","","","ReelShort - Stream Drama & TV","Scoopz: Your People Your Video","Reeliyo - Short Videos","New Leaf Publishing, Inc."
"2026-08-31","北美","us","美国","share_photos","分享照片","内容表达","share photos","ok","","","PhotoCircle","Dropbox: Cloud Storage Backup","FamilyAlbum: Share Baby Photos","PhotoCircle, Inc."
"2026-08-31","北美","us","美国","discover_inspiration","找灵感","灵感发现","inspiration ideas","ok","","","Inspired Minds: Activity Ideas","TED Talks: Watch and Learn","Startup Ideas - Be Inspired","I Teach Tiny Humans, LLC"
"2026-08-31","北美","us","美国","recipes","做饭找菜谱","生活决策","recipes","ok","","","Tasty: Recipes, Cooking Videos","NYT Cooking: Quick Tasty Meals","ReciMe: Recipes & Meal Planner","BuzzFeed"
"2026-08-31","北美","us","美国","travel_plan","旅行做攻略","生活决策","travel itinerary","ok","","","Wanderlog - Travel Planner","TripIt: Travel Planner","Tripsy: Travel Planner","Vacation and Travel Planner App LLC"
"2026-08-31","北美","us","美国","restaurant","找餐厅","生活决策","restaurant reviews","ok","","","Beli","Yelp: Food, Services & Reviews","The Infatuation","Beli Technologies, Inc."
"2026-08-31","北美","us","美国","beauty_skincare","护肤美妆测评","生活决策","skincare reviews","ok","","","Vett: Trusted Skincare Reviews","Luma: Track & Review Skincare","SkinSort - The Skincare App","Vett LLC"
"2026-08-31","北美","us","美国","shopping_deals","购物比价","消费决策","shopping deals","ok","","","Slickdeals: Deals & Discounts","Flipp: Shop Grocery Deals","DealSeek: Coupons & Discounts","Slickdeals, LLC"
"2026-08-31","北美","us","美国","product_review","买东西看测评","消费决策","product reviews","ok","","","Yuka - Food & Cosmetic Scanner","Influenster: Try & Review","Trustpilot: Reviews & Ratings","Yuca"
"2026-08-31","北美","us","美国","learn_howto","学东西教程","知识获取","how to tutorials","ok","","","STEEZY - Learn How To Dance","Learn How to Draw Tutorials","Beauty Makeup Tips: How To, Tutorials & Ideas","STEEZY Inc"
"2026-08-31","北美","us","美国","local_community","本地社群","本地社群","local community","ok","1","Nextdoor: Neighborhood Network","Nextdoor: Neighborhood Network","Mighty Networks","Patch - Everything Local","Nextdoor.com, Inc."
"2026-08-31","北美","us","美国","dating","交友约会","关系建立","dating","ok","","","Hinge Dating App: Match & Date","Bumble Dating App: Meet & Date","Tinder Dating App: Date & Chat","Hinge, Inc."
"2026-08-31","北美","us","美国","fitness","健身运动","生活决策","workout plan","ok","","","Fitbod: Gym & Fitness Planner","Fitness Coach - Workout Plan","Strong Workout Tracker Gym Log","Fitbod Inc."
"2026-08-31","北美","us","美国","home_decor","家居装修","生活决策","home decor ideas","medium","","","Houzz - Home Design & Remodel","Redecor - Home Design Game","Decor AI: Room & Home Design","Houzz Inc."
"2026-08-31","北美","ca","加拿大","news_public","新闻与公共议题","信息公共场","news","ok","","","Apple News","CBC News: Breaking & Local","Google News","Apple Canada, Inc."
"2026-08-31","北美","ca","加拿大","chat_friends","与朋友聊天","私域沟通","chat with friends","ok","5","Discord - Talk, Play, Hang Out","Wizz App - chat now","MeetMe: Go Live & Meet People","Kik Messaging & Chat App","VLB"
"2026-08-31","北美","ca","加拿大","short_video","看短视频","视频消费","short videos","ok","","","Dailymotion: Social Videos","DramaBox - Stream Drama Shorts","ReelShort - Stream Drama & TV","Dailymotion"
"2026-08-31","北美","ca","加拿大","share_photos","分享照片","内容表达","share photos","ok","","","Share Your Photos","PhotoCircle","FamilyAlbum: Share Baby Photos","Simplified I.T. Products, LLC"
"2026-08-31","北美","ca","加拿大","discover_inspiration","找灵感","灵感发现","inspiration ideas","ok","2","Pinterest","Inspired Minds: Activity Ideas","Pinterest","TED Talks: Watch and Learn","I Teach Tiny Humans, LLC"
"2026-08-31","北美","ca","加拿大","recipes","做饭找菜谱","生活决策","recipes","ok","","","Tasty: Recipes, Cooking Videos","NYT Cooking: Quick Tasty Meals","Recipe Keeper","BuzzFeed"
"2026-08-31","北美","ca","加拿大","travel_plan","旅行做攻略","生活决策","travel itinerary","ok","","","Wanderlog - Travel Planner","TripIt: Travel Planner","Stippl - Travel Planner","Vacation and Travel Planner App LLC"
"2026-08-31","北美","ca","加拿大","restaurant","找餐厅","生活决策","restaurant reviews","ok","","","Beli","Yelp: Food, Services & Reviews","TheFork - Restaurant bookings","Beli Technologies, Inc."
"2026-08-31","北美","ca","加拿大","beauty_skincare","护肤美妆测评","生活决策","skincare reviews","ok","","","Sephora CA: Makeup & Skincare","Lovi - AI Skin Care Scanner","Brandefy: Affordable Beauty","Sephora USA, Inc"
"2026-08-31","北美","ca","加拿大","shopping_deals","购物比价","消费决策","shopping deals","ok","","","Flipp: Flyers & Shopping Deals","Rakuten: Cash Back App","Wish: Shop and Save","Flipp Corporation"
"2026-08-31","北美","ca","加拿大","product_review","买东西看测评","消费决策","product reviews","ok","","","Yuka - Food & Cosmetic scanner","Consumer Reports","Influenster: Try free products","Yuca"
"2026-08-31","北美","ca","加拿大","learn_howto","学东西教程","知识获取","how to tutorials","ok","","","Simply Draw: Learn to Draw","Tutorial for Photoshop - How To Video","Beauty Makeup Tips: How To, Tutorials & Ideas","Simply Ltd"
"2026-08-31","北美","ca","加拿大","local_community","本地社群","本地社群","local community","ok","1","Nextdoor: Neighbour Network","Nextdoor: Neighbour Network","Karrot - Buy & sell locally","Mighty Networks","Nextdoor.com, Inc."
"2026-08-31","北美","ca","加拿大","dating","交友约会","关系建立","dating","ok","","","Bumble: Dating & Meet People","Tinder Dating App: Date & Chat","Hinge Dating App: Match & Date","Bumble Holding Limited"
"2026-08-31","北美","ca","加拿大","fitness","健身运动","生活决策","workout plan","ok","","","Fitbod Workout & Gym Planner","Gymshark Training and Fitness","Workout for Women: Fitness App","Fitbod Inc."
"2026-08-31","北美","ca","加拿大","home_decor","家居装修","生活决策","home decor ideas","medium","","","Houzz Home Design & Renovation","Redecor - Home Design Game","Home Decoration Ideas","Houzz Inc."
"2026-08-31","北美","mx","墨西哥","news_public","新闻与公共议题","信息公共场","noticias","ok","4","X","Google Noticias","NMÁS","CNN: Noticias de última hora","Google LLC"
"2026-08-31","北美","mx","墨西哥","chat_friends","与朋友聊天","私域沟通","chat amigos","ok","8","Discord - Conversa y juega","Litmatch - Haz amigos nuevos","Talkin: Amigos Globales & Chat","Yubo - Haz nuevos amigos","CONSTRUCT TECHNOLOGY PTE. LTD."
"2026-08-31","北美","mx","墨西哥","short_video","看短视频","视频消费","videos cortos","ok","6","TikTok","Kwai-el mundo en videos cortos","DramaBox - Series en Línea","CapCut: edita videos y fotos","JOYO TECHNOLOGY PTE. LTD."
"2026-08-31","北美","mx","墨西哥","share_photos","分享照片","内容表达","compartir fotos","ok","","","SHAREit: Compartir archivos","Locket Widget","Compartir Archivos Transferir","SHAREit Technologies Co. Ltd"
"2026-08-31","北美","mx","墨西哥","discover_inspiration","找灵感","灵感发现","inspiración ideas","ok","","","Cita del día e inspiración","Jotio – Notas rápidas","Inspírame","AppChocolate Ltd."
"2026-08-31","北美","mx","墨西哥","recipes","做饭找菜谱","生活决策","recetas","ok","","","Calcular Costos Recetas","Recetas Kiwilimón","Cookpad recetas, cocina casera","Andreia Assis Soares da Conceicao"
"2026-08-31","北美","mx","墨西哥","travel_plan","旅行做攻略","生活决策","itinerario viaje","ok","","","Wanderlog Planificador d'viaje","TripIt: Travel Planner","Tripsy: Travel Planner","Vacation and Travel Planner App LLC"
"2026-08-31","北美","mx","墨西哥","restaurant","找餐厅","生活决策","reseñas restaurantes","ok","","","OpenTable","Button: Restaurantes y Reseñas","Rincones MX","OpenTable, Inc."
"2026-08-31","北美","mx","墨西哥","beauty_skincare","护肤美妆测评","生活决策","reseñas cuidado piel","empty","","","","","",""
"2026-08-31","北美","mx","墨西哥","shopping_deals","购物比价","消费决策","compras ofertas","ok","","","Temu: compra como millonario","Amazon Compras en Línea","Elektra: compras en línea","Whaleco Inc."
"2026-08-31","北美","mx","墨西哥","product_review","买东西看测评","消费决策","reseñas productos","medium","","","Lomo: Diario de Lectura","Business Profile For Google","Mi Lista de Libros: Biblioteca","SEBASTIAN CASTANEDA"
"2026-08-31","北美","mx","墨西哥","learn_howto","学东西教程","知识获取","tutoriales aprender","ok","","","Simply Draw: Aprende a dibujar","Punto Fácil - Aprende a tejer","Tutoriales programación iOS","Simply Ltd"
"2026-08-31","北美","mx","墨西哥","local_community","本地社群","本地社群","comunidad local","ok","","","Eventbrite","Tagged -Chill, Chat & Go Live!","Spectrum News: Local Stories","Eventbrite"
"2026-08-31","北美","mx","墨西哥","dating","交友约会","关系建立","citas","ok","","","Bumble: App de Citas y Chat","Tinder: citas, chat y amigos","Badoo: Ligar, Citas y Amistad","Bumble Holding Limited"
"2026-08-31","北美","mx","墨西哥","fitness","健身运动","生活决策","entrenamiento fitness","ok","","","Fitness para Adelgazar en Casa","Entrenamiento para mujeres","Entrenamientos Diarios:En casa","MONTIBUS LTD"
"2026-08-31","北美","mx","墨西哥","home_decor","家居装修","生活决策","decoración hogar","ok","","","Juegos Decoración del Hogar","Decorando un nuevo hogar","Decora tu vestidor & mi hogar","BWEB SARL"
"2026-08-31","东亚","jp","日本","news_public","新闻与公共议题","信息公共场","ニュース","ok","","","スマートニュース｜ニュースアプリ・ポイ活・クーポン・天気","Yahoo!ニュース -最新ニュースや防災・天気・ヤフコメも","日本経済新聞 電子版 - ビジネス・政治・金融・経済ニュース","SmartNews, Inc."
"2026-08-31","东亚","jp","日本","chat_friends","与朋友聊天","私域沟通","友達 チャット","ok","","","友達作りTalk - チャット友達探し出会いチャット","ひまトーク＋","MONIE (モニー)  - 友達探し掲示板SNS","jeong-sik kim"
"2026-08-31","东亚","jp","日本","short_video","看短视频","视频消费","ショート動画","ok","5","TikTok ティックトック","DramaBox（ドラマボックス） -ショートドラマ見放題","ReelShort - オリジナル短尺ドラマ見放題","CapCut：写真＆動画エディター","STORYMATRIX PTE. LTD"
"2026-08-31","东亚","jp","日本","share_photos","分享照片","内容表达","写真 共有","ok","","","家族アルバム みてね","Retro — 友達と写真を共有","Scene - カンタン写真整理・共有・印刷","MIXI, Inc."
"2026-08-31","东亚","jp","日本","discover_inspiration","找灵感","灵感发现","アイデア 発見","ok","","","アイデア発見 - ひらめき掛け合わせ","HIYORI(ヒヨリ)","Cosmos: 検索して発見","hirokazu murabe"
"2026-08-31","东亚","jp","日本","recipes","做饭找菜谱","生活决策","レシピ","ok","","","クラシル - 毎日の献立に！レシピ動画で料理がおいしく作れる","レシピはクックパッド -No1節約料理や献立の検索アプリ","レシピ動画で料理献立を簡単‪に - デリッシュキッチン","Kurashiru, Inc"
"2026-08-31","东亚","jp","日本","travel_plan","旅行做攻略","生活决策","旅行 プラン","ok","","","-tabiori- 共有できる旅のしおり","ニコディ-旅のしおり作成・観光スポット検索・計画立て・マップ","旅のしおり作成・旅行計画 - NAVITIME Travel","GOTARU, Co., LTD."
"2026-08-31","东亚","jp","日本","restaurant","找餐厅","生活决策","グルメ 口コミ","ok","","","食べログ - おいしいお店を見つけて予約できるグルメアプリ","Retty（レッティ）- おいしいお店が探せるグルメアプリ","トリップアドバイザー: 旅行・ホテル・レストランを予約","Kakaku.com, Inc."
"2026-08-31","东亚","jp","日本","beauty_skincare","护肤美妆测评","生活决策","スキンケア 口コミ","ok","","","Google アプリ","キレイレポ（美容医療の予約アプリ）","SkinID - スキンケア相性診断","Google LLC"
"2026-08-31","东亚","jp","日本","shopping_deals","购物比价","消费决策","ショッピング セール","ok","","","マルイ - ショッピング ファッションアプリ","Yahoo!ショッピング-PayPayポイントが貯まる通販","GLADD - ブランドセール・ファッション通販アプリ","MARUI CO., LTD."
"2026-08-31","东亚","jp","日本","product_review","买东西看测评","消费决策","商品 レビュー","ok","","","Roco - バーコードで商品レビュー","ブックオフ公式アプリ","BAYCREW'S - ベイクルーズ ファッション通販アプリ","tomoki swanson"
"2026-08-31","东亚","jp","日本","learn_howto","学东西教程","知识获取","使い方 講座","ok","","","Agni: AI学習とリテラシー診断","スマホのいろは","","James Silk"
"2026-08-31","东亚","jp","日本","local_community","本地社群","本地社群","地域 コミュニティ","ok","","","地域コミュニティ「ピアッザ」","マイコミュ","結ネット（ゆいねっと）","PIAZZA INC."
"2026-08-31","东亚","jp","日本","dating","交友约会","关系建立","出会い マッチング","ok","","","マッチングアプリ Pairs(ペアーズ) 出会い・恋活・婚活","出会い・出会い系はハッピー｜マッチングアプリ｜マッチング","リンクル - 出会い・デーティング・恋活マッチングアプリ","eureka,Inc."
"2026-08-31","东亚","jp","日本","fitness","健身运动","生活决策","筋トレ","ok","","","最強の筋トレ管理アプリ-筋トレMEMO","自宅ワークアウト: 筋トレ, フィットネスアプリ","継続する技術｜ダイエットも筋トレも記録・習慣化で目標達成","Kintore memo Co.,Ltd"
"2026-08-31","东亚","jp","日本","home_decor","家居装修","生活决策","インテリア","ok","7","Pinterest – おしゃれな画像や写真を検索","おくROOM - 3D間取り＆家具配置シミュレーター","RoomClip インテリア・お部屋の写真はルームクリップ","間取り図 AI: ルームプランナー・3D家具配置・部屋設計","vega corporation Co.,Ltd."
"2026-08-31","东亚","kr","韩国","news_public","新闻与公共议题","信息公共场","뉴스","ok","","","뉴스보이 - 매일 분야별 TOP 10 뉴스 보기","뉴스매일 - 멀티소스 뉴스 리더","뉴닉 - 가장 쉬운 뉴스 브리핑","curved road"
"2026-08-31","东亚","kr","韩国","chat_friends","与朋友聊天","私域沟通","친구 채팅","ok","","","다톡 - 관심사로 만나는 온라인 채팅 친구","수다 - 마음이 통하는 채팅 친구 만들기","핑블 - 채팅 친구 만들기","April7 Inc"
"2026-08-31","东亚","kr","韩国","short_video","看短视频","视频消费","숏폼 영상","ok","","","DramaBox - 영화와 숏폼 드라마","REZU - 숏폼 영상과 실시간 라이브","Klipz AI: AI 숏폼 영상 제작","STORYMATRIX PTE. LTD"
"2026-08-31","东亚","kr","韩国","share_photos","分享照片","内容表达","사진 공유","ok","7","Instagram","센드애니웨어(Send Anywhere)","Retro — 친구와 함께하는 사진","setlog","Rakuten Symphony Korea, Inc."
"2026-08-31","东亚","kr","韩国","discover_inspiration","找灵感","灵感发现","아이디어 영감","ok","1","Tumblr – 문화, 아트, 카오스","Tumblr – 문화, 아트, 카오스","Cosmos: 검색과 발견","Ikes: 아이디어 노트","Tumblr, Inc."
"2026-08-31","东亚","kr","韩国","recipes","做饭找菜谱","生活决策","레시피","ok","","","요리백과 - 만개의 레시피","우리의식탁 - 요리를 스타일하다","레시피콩","EZHLD"
"2026-08-31","东亚","kr","韩国","travel_plan","旅行做攻略","生活决策","여행 계획","ok","","","트리플 - 항공·호텔 최저가 예약, 여행계획","트립노트 - 여행은 계획부터 즐거워야 하니까","Wanderlog 여행계획 - 트래블로그 여행 플래너","Triple Corp."
"2026-08-31","东亚","kr","韩国","restaurant","找餐厅","生活决策","맛집","ok","","","캐치테이블","다이닝코드","뽈레 - 맛잘알이 되는 지름길","WAD corp"
"2026-08-31","东亚","kr","韩国","beauty_skincare","护肤美妆测评","生活决策","화장품 리뷰","ok","","","화해 (대한민국 1등 뷰티 앱)","글로우픽 - 믿고 보는 뷰티 랭킹","챌린저스 - 돈이 돌아오는 쇼핑 앱","Hwahae Global Inc."
"2026-08-31","东亚","kr","韩国","shopping_deals","购物比价","消费决策","쇼핑 할인","ok","","","Temu: 억만장자처럼 쇼핑하기","일본 쿠폰 - 쇼핑 할인, 관광객 전용 혜택","일본 쿠폰 - 일본 면세 쇼핑 할인","Whaleco Inc."
"2026-08-31","东亚","kr","韩国","product_review","买东西看测评","消费决策","제품 리뷰","ok","","","챌린저스 - 돈이 돌아오는 쇼핑 앱","노써치 - 가전제품 추천·비교! 구매기준까지","글로우픽 - 믿고 보는 뷰티 랭킹","whitecube Inc."
"2026-08-31","东亚","kr","韩国","learn_howto","学东西教程","知识获取","배우기 강의","ok","","","리스닝드릴 - 영어 리스닝 구간반복 영어듣기 영어공부","파이썬 배우기・코딩－AI 컴파일","Handly: 오프라인 포커 배우기","Neointro"
"2026-08-31","东亚","kr","韩国","local_community","本地社群","本地社群","지역 커뮤니티","ok","5","네이버 카페 – Naver Cafe","즐톡라이브 - 공감을 위한 채팅 커뮤니티","당근","포커리뷰 - 지역 홀덤 커뮤니티","CKG Solutions Co., Ltd."
"2026-08-31","东亚","kr","韩国","dating","交友约会","关系建立","소개팅 데이팅","ok","","","정오의데이트 소개팅 - 동네친구, 데이트, 만남","픽픽 - 안진지한 소개팅 데이팅","블러리 - 블라인드 소개팅 채팅","Mozzet Co. Ltd."
"2026-08-31","东亚","kr","韩国","fitness","健身运动","生活决策","홈트 운동","ok","","","플랜핏 - 운동 루틴 추천과 헬스 홈트 다이어트 기록","짐워크 - 헬스 홈트 운동일지 운동기록 루틴 다이어트","지니어트 - 홈트, 다이어트, 혈당 기록, 만보기 앱","Planfit Inc."
"2026-08-31","东亚","kr","韩国","home_decor","家居装修","生活决策","인테리어","ok","9","Pinterest (핀터레스트): 수백만개의 아이디어","인테리어 디자인 AI：3D 홈・방 꾸미기・집 가구 배치","오늘의집 - 라이프스타일 슈퍼앱","플래너 5D: 인테리어 디자인 크리에이터","Room Planner Ltd"
"2026-08-31","东亚","tw","中国台湾","news_public","新闻与公共议题","信息公共场","新聞","ok","","","Yahoo - 秒懂新聞重點、每日生活資訊與必備實用工具","ETtoday新聞雲","每日新聞 - 多源新聞閱讀器","Yahoo Inc."
"2026-08-31","东亚","tw","中国台湾","chat_friends","与朋友聊天","私域沟通","朋友 聊天","ok","","","WeChat","YoYo - 在綫語音聊天交友","Omi - 約會、交友、聊天","Tencent Technology (Shenzhen) Company Limited"
"2026-08-31","东亚","tw","中国台湾","short_video","看短视频","视频消费","短影音","ok","4","TikTok - 有趣的人都在這裡","CapCut：照片與影片編輯器","InShot - Vlog影片編輯","DramaBox - 全網熱門短劇、海量精品短視頻隨心看","BYTEDANCE PTE. LTD."
"2026-08-31","东亚","tw","中国台湾","share_photos","分享照片","内容表达","照片 分享","ok","3","Instagram","Retro — 與朋友分享照片","PicPet","Instagram","Lone Palm Labs, Inc."
"2026-08-31","东亚","tw","中国台湾","discover_inspiration","找灵感","灵感发现","靈感","ok","1","Pinterest","Pinterest","靈感筆記 · iNote - ideas Note","DailyArt 《每日藝術》","Pinterest, Inc."
"2026-08-31","东亚","tw","中国台湾","recipes","做饭找菜谱","生活决策","食譜","ok","","","愛料理","Cookpad：簡單家常料理＆美食食譜","家常菜譜食譜","Polydice, Inc."
"2026-08-31","东亚","tw","中国台湾","travel_plan","旅行做攻略","生活决策","旅遊 行程","ok","","","旅遊行程","Funliday -全球旅遊行程規劃平台","KKday-全球旅遊體驗","Foshan Fullstack Technology LLC"
"2026-08-31","东亚","tw","中国台湾","restaurant","找餐厅","生活决策","餐廳 評價","ok","","","Tabelog－日本餐廳探索、訂位與評價全方位平台","OpenTable","PTalk 寵物友善地圖","Kakaku.com, Inc."
"2026-08-31","东亚","tw","中国台湾","beauty_skincare","护肤美妆测评","生活决策","美妝 評價","ok","","","＠cosme美容護膚化妝品評價排行榜","Sorra - 最真實美妝評論平台","美丽修行-查询美妆产品和化妆品成分","I-TRUE Communications Inc."
"2026-08-31","东亚","tw","中国台湾","shopping_deals","购物比价","消费决策","購物 優惠","ok","6","LINE購物","蝦皮購物 | 花得更少買得更好","飛比 - 購物比價、團購、惜食福袋、集點 - Feebee","日本優惠券：2026 日本購物 旅遊必備 & 日幣換算","SHOPEE TAIWAN PRIVATE LIMITED"
"2026-08-31","东亚","tw","中国台湾","product_review","买东西看测评","消费决策","商品 評測","ok","","","FG Shop","回收宝- 买卖二手手机闲置交易平台","公司起名助手 - 智能取名与名称分析工具","ASIA SKIN COSMETICS COMPANY"
"2026-08-31","东亚","tw","中国台湾","learn_howto","学东西教程","知识获取","教學","ok","","","多鄰國 - 極速學外語","Sing Sharp 學唱歌：唱歌技巧、開嗓與聲樂教學課程","日本人製作的日語五十音教學","Duolingo, Inc"
"2026-08-31","东亚","tw","中国台湾","local_community","本地社群","本地社群","本地 社群","ok","","","二手吐司 • 台灣地區交易社群","江安橙乡网-60万江安人都在看","Nebenchat","Magic Internet Ltd."
"2026-08-31","东亚","tw","中国台湾","dating","交友约会","关系建立","交友","ok","","","Omi - 約會、交友、聊天","Tinder - 配對、交友、聊天","探探-全球交友高速約會App","MatchUp UK Limited"
"2026-08-31","东亚","tw","中国台湾","fitness","健身运动","生活决策","健身","ok","","","Apple 健身","私人健身教練 - 無需器械","30天居家健身鍛煉挑戰","Apple Distribution International"
"2026-08-31","东亚","tw","中国台湾","home_decor","家居装修","生活决策","室內設計","ok","","","室內 設計 AI: 房間佈置圖 效果圖 家居 裝潢 裝修","100室內設計-實用靈感，找到家的裝修答案","Planner 5D-住家與室內設計工具","Room Planner Ltd"
"2026-08-31","东亚","hk","中国香港","news_public","新闻与公共议题","信息公共场","新聞","ok","","","香港01 - 新聞資訊及生活服務","Now 新聞 - 24小時直播","東網 - 東方日報","HK01 Company Limited"
"2026-08-31","东亚","hk","中国香港","chat_friends","与朋友聊天","私域沟通","朋友 聊天","ok","","","Tinder - 配對、交友、聊天","ParPar - 語音聊天, 激情約會, 浪漫交友App","Omi - 約會、交友、聊天","Tinder LLC"
"2026-08-31","东亚","hk","中国香港","short_video","看短视频","视频消费","短影音","ok","","","FlickReels - AI故事短劇 重新定義敘事邊界","DramaBox - 全網熱門短劇、海量精品短視頻隨心看","HotDrama - 短劇與短影音","FARSUN PTE. LTD."
"2026-08-31","东亚","hk","中国香港","share_photos","分享照片","内容表达","照片 分享","ok","","","Retro — 與朋友分享照片","WiFi照片共享","Together - 情侣记录&照片小组件","Lone Palm Labs, Inc."
"2026-08-31","东亚","hk","中国香港","discover_inspiration","找灵感","灵感发现","靈感","ok","3","Pinterest","爱发电-爱创作，喜爱创作&记录学习&记录灵感","DailyArt 《每日藝術》","Pinterest","杰 周"
"2026-08-31","东亚","hk","中国香港","recipes","做饭找菜谱","生活决策","食譜","ok","","","Cookpad：簡單家常料理＆美食食譜","愛料理","家常菜譜食譜","COOKPAD INC. (CA)"
"2026-08-31","东亚","hk","中国香港","travel_plan","旅行做攻略","生活决策","旅遊 行程","ok","","","Funliday -全球旅遊行程規劃平台","Japan Travel – 乘換案內與日本旅遊規劃","旅遊行程","Funliday Inc."
"2026-08-31","东亚","hk","中国香港","restaurant","找餐厅","生活决策","餐廳 評價","ok","","","Tabelog－日本餐廳探索、訂位與評價全方位平台","OpenTable","Eatigo","Kakaku.com, Inc."
"2026-08-31","东亚","hk","中国香港","beauty_skincare","护肤美妆测评","生活决策","美妝 評價","ok","","","＠cosme美容護膚化妝品評價排行榜","Sorra - 最真實美妝評論平台","美丽修行-查询美妆产品和化妆品成分","I-TRUE Communications Inc."
"2026-08-31","东亚","hk","中国香港","shopping_deals","购物比价","消费决策","購物 優惠","ok","","","日本優惠券 - 免稅購物，遊客專屬優惠，每日更新不過期","日本優惠券 - 日本免稅店購物優惠","ZALORA-流行時尚線上購物平台","MATCHA INC. JP"
"2026-08-31","东亚","hk","中国香港","product_review","买东西看测评","消费决策","商品 評測","ok","","","回收宝- 买卖二手手机闲置交易平台","公司起名助手 - 智能取名与名称分析工具","爱测评-测评试用电商平台","shenzhen huishoubao technology Co., Ltd."
"2026-08-31","东亚","hk","中国香港","learn_howto","学东西教程","知识获取","教學","ok","","","小學英語單詞拼寫練習-少兒英語教育遊戲","國小數學教學動畫 (1-6年級)","簡易數學 (Math Learner)","Wai Chin Ng"
"2026-08-31","东亚","hk","中国香港","local_community","本地社群","本地社群","本地 社群","ok","","","城信客户端","KINK People - BDSM Dating App","Yuno：附近工作與活動","Nanjing iMooPin Network Technology Co., Ltd."
"2026-08-31","东亚","hk","中国香港","dating","交友约会","关系建立","交友","ok","","","Heymandi · 話題文字社交","Omi - 約會、交友、聊天","Tinder - 配對、交友、聊天","Heymandi Technology Inc."
"2026-08-31","东亚","hk","中国香港","fitness","健身运动","生活决策","健身","ok","","","Apple 健身","Keep - AI 运动教练","训记 - 训练计划专家","Apple Distribution International"
"2026-08-31","东亚","hk","中国香港","home_decor","家居装修","生活决策","室內設計","ok","","","室內 設計 AI: 房間佈置圖 效果圖 家居 裝潢 裝修","Planner 5D-住家與室內設計工具","Sweet Home 3D: 輕鬆設計夢想家居與空間","Room Planner Ltd"
"2026-08-31","东南亚","id","印尼","news_public","新闻与公共议题","信息公共场","berita","ok","4","X","detikcom - Berita Terlengkap","Google News","CNN Indonesia - Latest News","PT Agranet Multicitra Siberkom"
"2026-08-31","东南亚","id","印尼","chat_friends","与朋友聊天","私域沟通","chat teman","ok","","","Social Chat: Make New Friends","YeeTalk - Chat, Talk & Learn","Omi - Date & Meet Friends","Stivisto Inc."
"2026-08-31","东南亚","id","印尼","short_video","看短视频","视频消费","video pendek","ok","","","DramaBox - Stream Drama Shorts","NetShort - Popular Dramas & TV","Melolo - Short Movie & TV","STORYMATRIX PTE. LTD"
"2026-08-31","东南亚","id","印尼","share_photos","分享照片","内容表达","bagikan foto","ok","2","Snapchat: Chat with friends","Share calendar photo family","Snapchat: Chat with friends","Air File Share & Drop","Gema Martinez"
"2026-08-31","东南亚","id","印尼","discover_inspiration","找灵感","灵感发现","inspirasi ide","ok","6","Pinterest: Lifestyle Ideas","Flip: Transfer & Cashback","Edits: Video Editor","Ohouse - Home Styling Ideas","FLIPTECH LENTERA INSPIRASI PERTIWI, PT"
"2026-08-31","东南亚","id","印尼","recipes","做饭找菜谱","生活决策","resep masakan","medium","","","Cookpad: Recipe & Meal Planner","Yummy App - Resep Masakan","Meal Plan & Weekly Menu","COOKPAD INC. (CA)"
"2026-08-31","东南亚","id","印尼","travel_plan","旅行做攻略","生活决策","rencana wisata","ok","","","Wanderlog - Travel Planner","Tripomatic Trip Planner & Maps","TripBee Pro: Trip Planner","Vacation and Travel Planner App LLC"
"2026-08-31","东南亚","id","印尼","restaurant","找餐厅","生活决策","kuliner review","ok","","","FOOD MAP - Foodie, Gourmet","","","Bongsu Cheon"
"2026-08-31","东南亚","id","印尼","beauty_skincare","护肤美妆测评","生活决策","review skincare","ok","","","Female Daily - Beauty Review","SKINS - Skincare Analyzer","Google - More ways to search","Daily Dinamika Kreasi, Pt"
"2026-08-31","东南亚","id","印尼","shopping_deals","购物比价","消费决策","belanja diskon","ok","","","HiGOOD - Pakaian & VIP Diskon","Qpon: Daily Deals & Coupons","ShopBack: Cashback & Rewards","PT. HIGOOD LIVE JAKARTA"
"2026-08-31","东南亚","id","印尼","product_review","买东西看测评","消费决策","ulasan produk","ok","","","Shopper Truth","","","Paride Di Lazzaro"
"2026-08-31","东南亚","id","印尼","learn_howto","学东西教程","知识获取","tutorial belajar","ok","","","Hello Piano - Keyboard Lessons","Learn Drawing- Art Tutorials","Step by Step Anime Drawing","Gismart Ltd"
"2026-08-31","东南亚","id","印尼","local_community","本地社群","本地社群","komunitas lokal","ok","","","Tagged Dating: Chat & Go Live!","Hyppe – Indonesia Social Media","KINK People - BDSM Dating App","Ifwe Inc."
"2026-08-31","东南亚","id","印尼","dating","交友约会","关系建立","kencan","ok","","","Omi - Date & Meet Friends","Tinder Dating App: Meet & Date","tantan - Global Dating App","MatchUp UK Limited"
"2026-08-31","东南亚","id","印尼","fitness","健身运动","生活决策","olahraga latihan","ok","","","Workout for Women: Fit at Home","Workout for Women: Fitness App","Gym Workout App & Fitness Plan","Leap Health Fitness Limited"
"2026-08-31","东南亚","id","印尼","home_decor","家居装修","生活决策","dekorasi rumah","low","","","Home Design Makeover","Room Organizer:Fantasy Tidy 3D","Home Planner AI：Room Design 3D","Storm8 Studios LLC"
"2026-08-31","东南亚","th","泰国","news_public","新闻与公共议题","信息公共场","ข่าว","ok","1","X","X","Investing.com: Stocks & Shares","MY THAIRATH","X Corp."
"2026-08-31","东南亚","th","泰国","chat_friends","与朋友聊天","私域沟通","แชท เพื่อน","ok","2","Snapchat: Chat with friends","ChatCha Talk แชท คุย หาเพื่อน","Snapchat: Chat with friends","Omi - Date & Meet Friends","Fugang Company Limited"
"2026-08-31","东南亚","th","泰国","short_video","看短视频","视频消费","วิดีโอสั้น","ok","","","Likee - Video, Live, Chat","HotDrama - Dramas & Reels","Drama Max - Short Drama Reels","LIKEME PTE. LTD."
"2026-08-31","东南亚","th","泰国","share_photos","分享照片","内容表达","แชร์รูป","ok","1","Instagram","Instagram","TeraBox: 1TB Cloud & AI Space","Google Photos: Backup & Edit","Instagram, Inc."
"2026-08-31","东南亚","th","泰国","discover_inspiration","找灵感","灵感发现","ไอเดีย แรงบันดาลใจ","ok","","","Piqo: Daily Creativity","InkStyle: Tattoo Design Try on","AI! Chatbot Agent－Ask & Chat","Patrick Johansson"
"2026-08-31","东南亚","th","泰国","recipes","做饭找菜谱","生活决策","สูตรอาหาร","ok","","","Cookpad: Recipe & Meal Planner","สูตรอาหาร 500 เมนู","อร่อย - เมนูอาหาร สูตรอาหาร","COOKPAD INC. (CA)"
"2026-08-31","东南亚","th","泰国","travel_plan","旅行做攻略","生活决策","แผนเที่ยว","ok","","","TripWise AI Trip Planner","Airplanner: Itinerary","TripBee Lite: Travel Plan","Md. Mahmud Ahsan"
"2026-08-31","东南亚","th","泰国","restaurant","找餐厅","生活决策","ร้านอาหาร รีวิว","ok","","","Wongnai","Tripadvisor: Plan & Book Trips","Tabelog: Food planner in Japan","Wongnai Media Company Limited"
"2026-08-31","东南亚","th","泰国","beauty_skincare","护肤美妆测评","生活决策","รีวิว สกินแคร์","empty","","","","","",""
"2026-08-31","东南亚","th","泰国","shopping_deals","购物比价","消费决策","ช้อปปิ้ง ส่วนลด","ok","","","Robinhood: Food Delivery app","ShopBack: Cashback & Rewards","CreditU คนใหม่ ของขวัญฟรี","Purple Ventures Company Limited"
"2026-08-31","东南亚","th","泰国","product_review","买东西看测评","消费决策","รีวิว สินค้า","ok","","","ArtEdge: AI T-Shirt Design","LinkAF : Link in Bio","Protein Intake Tracker Plus","Roshana Lee"
"2026-08-31","东南亚","th","泰国","learn_howto","学东西教程","知识获取","สอน วิธี","ok","2","Drawing lessons animal line","Rubik's Cube Solver & Tutorial","Drawing lessons animal line","Simple line draw stick figure","Itiel Maimon"
"2026-08-31","东南亚","th","泰国","local_community","本地社群","本地社群","ชุมชน ท้องถิ่น","ok","","","GRR - Gay Community","ตลาดดี","Eden: Athlete Videos","HiddenCat Company"
"2026-08-31","东南亚","th","泰国","dating","交友约会","关系建立","หาคู่ เดท","ok","","","Grindr - Gay Dating & Chat","Omi - Date & Meet Friends","Kooup - Date Your Soulmate","Grindr LLC"
"2026-08-31","东南亚","th","泰国","fitness","健身运动","生活决策","ออกกำลังกาย","ok","","","Home Workout - No Equipments","Strava: Run, Bike, Walk","Running Walking Jogging Goals","Leap Health Fitness Limited"
"2026-08-31","东南亚","th","泰国","home_decor","家居装修","生活决策","แต่งบ้าน","low","","","Toca Boca World","Home Planner AI：Room Design 3D","Sweet My Home","Toca Boca AB"
"2026-08-31","东南亚","vn","越南","news_public","新闻与公共议题","信息公共场","tin tức","ok","","","Báo Mới: Đọc Báo, Tin Mới 24h","VnExpress: Vietnam Latest News","Google News","ePi Technologies Joint Stock Company"
"2026-08-31","东南亚","vn","越南","chat_friends","与朋友聊天","私域沟通","nhắn tin bạn bè","ok","","","Freetrip - Nhắn tin & Hẹn hò","Find My Family Friends & Phone","Cappo: Dating, Chat & Friends","KHANH LINH MINING EQUIPMENT AND COMMERCIAL TRANSPORTATION JOINT STOCK COMPANY"
"2026-08-31","东南亚","vn","越南","short_video","看短视频","视频消费","video ngắn","ok","3","TikTok-Global Video Community","NetShort - Popular Dramas & TV","DramaBox - Stream Drama Shorts","TikTok-Global Video Community","NETSTORY PTE. LTD."
"2026-08-31","东南亚","vn","越南","share_photos","分享照片","内容表达","chia sẻ ảnh","ok","8","Pinterest: Lifestyle Ideas","Share File：Smart Transfer Data","QuickDrop - Share from Android","Locket Widget","Fangzhou Interactive Technology Co., Limited"
"2026-08-31","东南亚","vn","越南","discover_inspiration","找灵感","灵感发现","ý tưởng cảm hứng","medium","","","Photo: Posture and ideas","Psychology: symbol meaning","Talking Topic and Ideas","Man Hung Sun"
"2026-08-31","东南亚","vn","越南","recipes","做饭找菜谱","生活决策","công thức nấu ăn","ok","","","Cookpad: Recipe & Meal Planner","Nấu ăn ngon mỗi ngày","Món ăn ngon mỗi ngày","COOKPAD INC. (CA)"
"2026-08-31","东南亚","vn","越南","travel_plan","旅行做攻略","生活决策","kế hoạch du lịch","ok","","","Wanderlog - Travel Planner","TripHunter: Trip Planner","JSplit - Trip Planner","Vacation and Travel Planner App LLC"
"2026-08-31","东南亚","vn","越南","restaurant","找餐厅","生活决策","đánh giá nhà hàng","low","","","Girl Games: House Design World","Dentist fear - Doctor games","Indoor Soccer Futsal 2k26","KidloLand Kids & Toddler Games"
"2026-08-31","东南亚","vn","越南","beauty_skincare","护肤美妆测评","生活决策","đánh giá mỹ phẩm","ok","","","Toidoc - Cộng đồng đọc truyện","Victory Eight - Tien Len","Soi - Quét thành phần mỹ phẩm","Son Pham Ngoc"
"2026-08-31","东南亚","vn","越南","shopping_deals","购物比价","消费决策","mua sắm giảm giá","medium","","","ShopBack: Cashback & Rewards","Shopee 9.9 Ngày Siêu Mua Sắm","Cashbag - Hoàn tiền thích liền","eCommerce Enablers Pte Ltd"
"2026-08-31","东南亚","vn","越南","product_review","买东西看测评","消费决策","đánh giá sản phẩm","ok","","","Toidoc - Cộng đồng đọc truyện","Victory Eight - Tien Len","Price List Maker - Creator","Son Pham Ngoc"
"2026-08-31","东南亚","vn","越南","learn_howto","学东西教程","知识获取","hướng dẫn học","ok","","","Quizlet: AI-powered flashcards","Lời Giải Hay - Loigiaihay.com","Learn English: Basic conversation guide & phrase and vocabulary book","Quizlet Inc"
"2026-08-31","东南亚","vn","越南","local_community","本地社群","本地社群","cộng đồng địa phương","ok","","","Weather + Live Forecast Radar","Weather Live° - Local Forecast","KKday - Your Travel Companion","Apptico"
"2026-08-31","东南亚","vn","越南","dating","交友约会","关系建立","hẹn hò","ok","","","Litmatch - Make new friends","EZMatch: 18+ Dating,Meet&Flirt","PopUp - Chat, Friend, Match","CONSTRUCT TECHNOLOGY PTE. LTD."
"2026-08-31","东南亚","vn","越南","fitness","健身运动","生活决策","tập luyện","ok","","","Home Workout - No Equipments","Gym Workout App & Fitness Plan","Teen Workout & Meal Plan","Leap Health Fitness Limited"
"2026-08-31","东南亚","vn","越南","home_decor","家居装修","生活决策","trang trí nhà","low","","","Room Organizer:Fantasy Tidy 3D","Room Decor: Lovely Home","Princess Town Decorating Games","GLORYWAY PTE. LTD."
"2026-08-31","东南亚","ph","菲律宾","news_public","新闻与公共议题","信息公共场","news","ok","7","X","Google News","GMA News","CNN: Live & Breaking News","Google LLC"
"2026-08-31","东南亚","ph","菲律宾","chat_friends","与朋友聊天","私域沟通","chat with friends","ok","3","Discord – Talk, Play, Hang Out","Litmatch - Make new friends","Yubo : Make friends & chat now","Discord – Talk, Play, Hang Out","CONSTRUCT TECHNOLOGY PTE. LTD."
"2026-08-31","东南亚","ph","菲律宾","short_video","看短视频","视频消费","short videos","ok","","","Dailymotion: Social Videos","ReelShort - Stream Drama & TV","NetShort - Popular Dramas & TV","Dailymotion"
"2026-08-31","东南亚","ph","菲律宾","share_photos","分享照片","内容表达","share photos","ok","","","Quick Share : File Sharing","Send Anywhere - File Transfer","Xender: Transfer, Share Files","Manisha Lodaliya"
"2026-08-31","东南亚","ph","菲律宾","discover_inspiration","找灵感","灵感发现","inspiration ideas","ok","1","Pinterest: Lifestyle Ideas","Pinterest: Lifestyle Ideas","Inspired Minds: Activity Ideas","Wedding Dress Idea Inspiration","Pinterest, Inc."
"2026-08-31","东南亚","ph","菲律宾","recipes","做饭找菜谱","生活决策","recipes","ok","","","Tasty: Recipes, Cooking Videos","ReciMe: Recipes & Meal Planner","RecipeVault: Recipe Keeper","BuzzFeed"
"2026-08-31","东南亚","ph","菲律宾","travel_plan","旅行做攻略","生活决策","travel itinerary","ok","","","Wanderlog - Travel Planner","TripIt: Travel Planner","mapa - Group Travel Planner","Vacation and Travel Planner App LLC"
"2026-08-31","东南亚","ph","菲律宾","restaurant","找餐厅","生活决策","restaurant reviews","ok","","","OpenTable: Restaurant Bookings","Beli","Tripadvisor: Plan & Book Trips","OpenTable, Inc."
"2026-08-31","东南亚","ph","菲律宾","beauty_skincare","护肤美妆测评","生活决策","skincare reviews","ok","","","Vett: Trusted Skincare Reviews","Google - More ways to search","Google Chrome","Vett LLC"
"2026-08-31","东南亚","ph","菲律宾","shopping_deals","购物比价","消费决策","shopping deals","ok","","","Amazon - Shopping made easy","AliExpress Shopping App","Temu: Shop Like a Billionaire","AMZN Mobile LLC"
"2026-08-31","东南亚","ph","菲律宾","product_review","买东西看测评","消费决策","product reviews","ok","","","Influenster: Try free products","OnSkin: Beauty Product Scanner","Rate&Goods. Product reviews","Bazaarvoice, Inc."
"2026-08-31","东南亚","ph","菲律宾","learn_howto","学东西教程","知识获取","how to tutorials","ok","","","Simply Draw: Learn to Draw","Drawing Desk:Learn to Draw App","How To Draw Doodle Tutorials","Simply Ltd"
"2026-08-31","东南亚","ph","菲律宾","local_community","本地社群","本地社群","local community","ok","","","Fizz: Your Authentic Community","Meetup: Social Events & Groups","Grindr - Gay Dating & Chat","Fizz Social Corp."
"2026-08-31","东南亚","ph","菲律宾","dating","交友约会","关系建立","dating","ok","","","Bumble Dating app: Chat & Date","Tinder Dating App: Meet & Date","OkCupid: Online Dating App","Bumble Holding Limited"
"2026-08-31","东南亚","ph","菲律宾","fitness","健身运动","生活决策","workout plan","ok","","","Home Workout - No Equipments","Hevy - Gym Tracker Workout Log","Gym Workout App & Fitness Plan","Leap Health Fitness Limited"
"2026-08-31","东南亚","ph","菲律宾","home_decor","家居装修","生活决策","home decor ideas","medium","4","Pinterest: Lifestyle Ideas","Home AI - AI Interior Design","Houzz Home Design & Renovation","Redecor - Home Design Game","HUBX YAZILIM HIZMETLERI ANONIM SIRKETI"
"2026-08-31","东南亚","my","马来西亚","news_public","新闻与公共议题","信息公共场","news","ok","","","Google News","Newswav - Latest Malaysia News","BBC: World News & Stories","Google LLC"
"2026-08-31","东南亚","my","马来西亚","chat_friends","与朋友聊天","私域沟通","chat with friends","ok","1","Snapchat: Chat with friends","Snapchat: Chat with friends","Chatme-Chat with friends","PolyBuzz: Chat with Characters","Snap, Inc."
"2026-08-31","东南亚","my","马来西亚","short_video","看短视频","视频消费","short videos","ok","","","Likee - Video, Live, Chat","ReelShort - Stream Drama & TV","Dailymotion: Social Videos","LIKEME PTE. LTD."
"2026-08-31","东南亚","my","马来西亚","share_photos","分享照片","内容表达","share photos","ok","","","Quick Share : File Sharing","Dropbox: Cloud File Storage","Send Anywhere - File Transfer","Manisha Lodaliya"
"2026-08-31","东南亚","my","马来西亚","discover_inspiration","找灵感","灵感发现","inspiration ideas","ok","1","Pinterest: Lifestyle Ideas","Pinterest: Lifestyle Ideas","Wedding Dress Idea Inspiration","Inspired Minds: Activity Ideas","Pinterest, Inc."
"2026-08-31","东南亚","my","马来西亚","recipes","做饭找菜谱","生活决策","recipes","ok","7","Pinterest: Lifestyle Ideas","Cookpad: Recipe & Meal Planner","Tasty: Recipes, Cooking Videos","ReciMe: Recipes & Meal Planner","COOKPAD INC. (CA)"
"2026-08-31","东南亚","my","马来西亚","travel_plan","旅行做攻略","生活决策","travel itinerary","ok","","","Wanderlog - Travel Planner","TripIt: Travel Planner","Funliday - Travel Planner","Vacation and Travel Planner App LLC"
"2026-08-31","东南亚","my","马来西亚","restaurant","找餐厅","生活决策","restaurant reviews","medium","","","Beli","OpenTable: Restaurant Bookings","Urbanspoon - Restaurant & Food Reviews","Beli Technologies, Inc."
"2026-08-31","东南亚","my","马来西亚","beauty_skincare","护肤美妆测评","生活决策","skincare reviews","ok","","","Vett: Trusted Skincare Reviews","SKINS - Skincare Analyzer","Google - More ways to search","Vett LLC"
"2026-08-31","东南亚","my","马来西亚","shopping_deals","购物比价","消费决策","shopping deals","ok","","","Amazon - Shopping made easy","AliExpress Shopping App","Shop: All your favorite brands","AMZN Mobile LLC"
"2026-08-31","东南亚","my","马来西亚","product_review","买东西看测评","消费决策","product reviews","ok","","","OnSkin: Beauty Product Scanner","Rate&Goods. Product reviews","Atlas: beauty product reviews","AIBY Incorporated"
"2026-08-31","东南亚","my","马来西亚","learn_howto","学东西教程","知识获取","how to tutorials","ok","","","Simply Draw: Learn to Draw","Drawing Desk:Learn to Draw App","ArtWorkout - Learn How to Draw","Simply Ltd"
"2026-08-31","东南亚","my","马来西亚","local_community","本地社群","本地社群","local community","ok","","","Meetup: Social Events & Groups","Fizz: Your Authentic Community","Tagged Dating: Chat & Go Live!","Meetup LLC"
"2026-08-31","东南亚","my","马来西亚","dating","交友约会","关系建立","dating","ok","","","Tinder Dating App: Meet & Date","Bumble Dating app: Chat & Date","Omi - Date & Meet Friends","Tinder LLC"
"2026-08-31","东南亚","my","马来西亚","fitness","健身运动","生活决策","workout plan","ok","","","Home Workout - No Equipments","Workout for Women: Fitness App","Gymshark Training and Fitness","Leap Health Fitness Limited"
"2026-08-31","东南亚","my","马来西亚","home_decor","家居装修","生活决策","home decor ideas","medium","4","Pinterest: Lifestyle Ideas","Houzz Home Design & Renovation","Home AI - AI Interior Design","Home Decoration Ideas","Houzz Inc."
"2026-08-31","东南亚","sg","新加坡","news_public","新闻与公共议题","信息公共场","news","ok","","","CNA (Channel NewsAsia)","Google News","BBC: World News & Stories","Mediacorp Pte Ltd"
"2026-08-31","东南亚","sg","新加坡","chat_friends","与朋友聊天","私域沟通","chat with friends","ok","1","Snapchat: Chat with friends","Snapchat: Chat with friends","WeChat","Bored Chat-chat with strangers","Snap, Inc."
"2026-08-31","东南亚","sg","新加坡","short_video","看短视频","视频消费","short videos","ok","5","YouTube","ReelShort - Stream Drama & TV","ShareChat - Videos & Status","Likee - Video, Live, Chat","New Leaf Publishing, Inc."
"2026-08-31","东南亚","sg","新加坡","share_photos","分享照片","内容表达","share photos","ok","","","FamilyAlbum: Share Baby Photos","BeReal: Photos & Friends Daily","Xender: Transfer, Share Files","MIXI, Inc."
"2026-08-31","东南亚","sg","新加坡","discover_inspiration","找灵感","灵感发现","inspiration ideas","ok","1","Pinterest: Lifestyle Ideas","Pinterest: Lifestyle Ideas","Wedding Dress Idea Inspiration","Inspired Minds: Activity Ideas","Pinterest, Inc."
"2026-08-31","东南亚","sg","新加坡","recipes","做饭找菜谱","生活决策","recipes","ok","8","Pinterest: Lifestyle Ideas","Tasty: Recipes, Cooking Videos","Cookpad: Recipe & Meal Planner","ReciMe: Recipes & Meal Planner","BuzzFeed"
"2026-08-31","东南亚","sg","新加坡","travel_plan","旅行做攻略","生活决策","travel itinerary","ok","","","Wanderlog - Travel Planner","TripIt: Travel Planner","Triply - AI Travel Planner","Vacation and Travel Planner App LLC"
"2026-08-31","东南亚","sg","新加坡","restaurant","找餐厅","生活决策","restaurant reviews","medium","","","OpenTable: Restaurant Bookings","Beli","Urbanspoon - Restaurant & Food Reviews","OpenTable, Inc."
"2026-08-31","东南亚","sg","新加坡","beauty_skincare","护肤美妆测评","生活决策","skincare reviews","ok","","","Skincare Routine: FeelinMySkin","Vett: Trusted Skincare Reviews","Google Chrome","Andras Munkacsi"
"2026-08-31","东南亚","sg","新加坡","shopping_deals","购物比价","消费决策","shopping deals","ok","","","Amazon - Shopping made easy","AliExpress Shopping App","Wish: Shop and Save","AMZN Mobile LLC"
"2026-08-31","东南亚","sg","新加坡","product_review","买东西看测评","消费决策","product reviews","ok","","","Influenster: Try free products","OnSkin: Beauty Product Scanner","Rate&Goods. Product reviews","Bazaarvoice, Inc."
"2026-08-31","东南亚","sg","新加坡","learn_howto","学东西教程","知识获取","how to tutorials","ok","","","Simply Draw: Learn to Draw","Drawing Desk:Learn to Draw App","Learn How to Draw Tutorials","Simply Ltd"
"2026-08-31","东南亚","sg","新加坡","local_community","本地社群","本地社群","local community","ok","","","Meetup: Social Events & Groups","Fizz: Your Authentic Community","Eventbrite","Meetup LLC"
"2026-08-31","东南亚","sg","新加坡","dating","交友约会","关系建立","dating","ok","","","Bumble Dating app: Chat & Date","Tinder Dating App: Meet & Date","Hinge Dating App: Match & Date","Bumble Holding Limited"
"2026-08-31","东南亚","sg","新加坡","fitness","健身运动","生活决策","workout plan","ok","","","Workout for Women: Fitness App","Hevy - Gym Tracker Workout Log","Gymverse: Gym Workout Planner","Fast Builder Limited"
"2026-08-31","东南亚","sg","新加坡","home_decor","家居装修","生活决策","home decor ideas","medium","3","Pinterest: Lifestyle Ideas","Houzz Home Design & Renovation","Home AI - AI Interior Design","Pinterest: Lifestyle Ideas","Houzz Inc."
"2026-08-31","南亚","in","印度","news_public","新闻与公共议题","信息公共场","news","ok","","","Inshorts","Dailyhunt - News & Magazines","Google News","Inshorts Pte. Ltd."
"2026-08-31","南亚","in","印度","chat_friends","与朋友聊天","私域沟通","chat with friends","ok","2","Snapchat: Chat with friends","Yubo : Make friends & chat now","Snapchat: Chat with friends","TeasyChat: Make Live Chat Room","Twelve APP"
"2026-08-31","南亚","in","印度","short_video","看短视频","视频消费","short videos","medium","","","Moj: Short Drama & Reels","DramaBox - Stream Drama Shorts","ShareChat - Videos & Status","MOHALLA TECH PRIVATE LIMITED"
"2026-08-31","南亚","in","印度","share_photos","分享照片","内容表达","share photos","ok","","","Quick Share : File Sharing","Xender: Transfer, Share Files","Send Anywhere - File Transfer","Manisha Lodaliya"
"2026-08-31","南亚","in","印度","discover_inspiration","找灵感","灵感发现","inspiration ideas","ok","1","Pinterest: Lifestyle Ideas","Pinterest: Lifestyle Ideas","TED Talks: Watch and Learn","Inspired Minds: Activity Ideas","Pinterest, Inc."
"2026-08-31","南亚","in","印度","recipes","做饭找菜谱","生活决策","recipes","ok","8","Pinterest: Lifestyle Ideas","Kitchen Stories Easy Recipes","Tasty: Recipes, Cooking Videos","Sanjeev Kapoor Recipes","AJNS New Media GmbH"
"2026-08-31","南亚","in","印度","travel_plan","旅行做攻略","生活决策","travel itinerary","ok","","","TripIt: Travel Planner","Wanderlog - Travel Planner","Rhyme (formerly Roamy)","TripIt Inc"
"2026-08-31","南亚","in","印度","restaurant","找餐厅","生活决策","restaurant reviews","medium","","","OpenTable: Restaurant Bookings","Urbanspoon - Restaurant & Food Reviews","Yelp: Food, Services & Reviews","OpenTable, Inc."
"2026-08-31","南亚","in","印度","beauty_skincare","护肤美妆测评","生活决策","skincare reviews","ok","","","Vett: Trusted Skincare Reviews","Firi: skin & haircare in mins","SKINS - Skincare Analyzer","Vett LLC"
"2026-08-31","南亚","in","印度","shopping_deals","购物比价","消费决策","shopping deals","ok","","","Rakuten: Cashback & Deals","Shop: All your favorite brands","Purplle - Beauty Shopping App","Ebates Shopping.com, Inc."
"2026-08-31","南亚","in","印度","product_review","买东西看测评","消费决策","product reviews","ok","","","Influenster: Try free products","OnSkin: Beauty Product Scanner","Rate&Goods. Product reviews","Bazaarvoice, Inc."
"2026-08-31","南亚","in","印度","learn_howto","学东西教程","知识获取","how to tutorials","ok","","","Drawing Desk:Learn to Draw App","Simply Draw: Learn to Draw","Beauty Makeup Tips: How To, Tutorials & Ideas","4Axis Technologies Pte. Ltd."
"2026-08-31","南亚","in","印度","local_community","本地社群","本地社群","local community","ok","","","Your Local Community App","Fizz: Your Authentic Community","Meetup: Social Events & Groups","Your Local Community App, LLC."
"2026-08-31","南亚","in","印度","dating","交友约会","关系建立","dating","ok","","","Bumble Dating app: Chat & Date","Hinge Dating App: Match & Date","happn: dating app","Bumble Holding Limited"
"2026-08-31","南亚","in","印度","fitness","健身运动","生活决策","workout plan","ok","","","Gymverse: Gym Workout Planner","Gym Workout App & Fitness Plan","Home Workout - No Equipments","FITNESS22 LTD"
"2026-08-31","南亚","in","印度","home_decor","家居装修","生活决策","home decor ideas","medium","5","Pinterest: Lifestyle Ideas","Houzz Home Design & Renovation","Home AI - AI Interior Design","Home Decoration Ideas","Houzz Inc."
"2026-08-31","南亚","pk","巴基斯坦","news_public","新闻与公共议题","信息公共场","news","ok","5","X","Google News","Breaking News - Pakistan","Al Jazeera - الجزيرة","Google LLC"
"2026-08-31","南亚","pk","巴基斯坦","chat_friends","与朋友聊天","私域沟通","chat with friends","medium","2","Snapchat: Chat with friends","Chatme-Chat with friends","Snapchat: Chat with friends","Achat- Party Room & Mini Games","NT HEIGHTS LIMITED"
"2026-08-31","南亚","pk","巴基斯坦","short_video","看短视频","视频消费","short videos","ok","3","TikTok - Videos, Music & LIVE","Dailymotion: Social Videos","ReelShort - Stream Drama & TV","TikTok - Videos, Music & LIVE","Dailymotion"
"2026-08-31","南亚","pk","巴基斯坦","share_photos","分享照片","内容表达","share photos","ok","","","Xender: Transfer, Share Files","Quick Share : File Sharing","FamilyAlbum: Share Baby Photos","Xender (HK) Limited"
"2026-08-31","南亚","pk","巴基斯坦","discover_inspiration","找灵感","灵感发现","inspiration ideas","ok","1","Pinterest: Lifestyle Ideas","Pinterest: Lifestyle Ideas","Inspired Minds: Activity Ideas","TED Talks: Watch and Learn","Pinterest, Inc."
"2026-08-31","南亚","pk","巴基斯坦","recipes","做饭找菜谱","生活决策","recipes","ok","7","Pinterest: Lifestyle Ideas","Tasty: Recipes, Cooking Videos","Kitchen Stories Easy Recipes","Recipe Keeper","BuzzFeed"
"2026-08-31","南亚","pk","巴基斯坦","travel_plan","旅行做攻略","生活决策","travel itinerary","ok","","","Wanderlog - Travel Planner","CheckMyTrip – Travel Itinerary","TripIt: Travel Planner","Vacation and Travel Planner App LLC"
"2026-08-31","南亚","pk","巴基斯坦","restaurant","找餐厅","生活决策","restaurant reviews","medium","","","Urbanspoon - Restaurant & Food Reviews","Yelp: Food, Services & Reviews","OpenTable: Restaurant Bookings","Zomato Media Pvt. Ltd."
"2026-08-31","南亚","pk","巴基斯坦","beauty_skincare","护肤美妆测评","生活决策","skincare reviews","ok","","","Vett: Trusted Skincare Reviews","SKINS - Skincare Analyzer","Google - More ways to search","Vett LLC"
"2026-08-31","南亚","pk","巴基斯坦","shopping_deals","购物比价","消费决策","shopping deals","ok","","","AliExpress Shopping App","Temu: Shop Like a Billionaire","noon Shopping, Food, Grocery","Alibaba.com Singapore E-Commerce Private Limited"
"2026-08-31","南亚","pk","巴基斯坦","product_review","买东西看测评","消费决策","product reviews","ok","","","OnSkin: Beauty Product Scanner","Rate&Goods. Product reviews","Atlas: beauty product reviews","AIBY Incorporated"
"2026-08-31","南亚","pk","巴基斯坦","learn_howto","学东西教程","知识获取","how to tutorials","ok","","","Beauty Makeup Tips: How To, Tutorials & Ideas","Learn How to Draw Tutorials","Simply Draw: Learn to Draw","Juicestand Inc"
"2026-08-31","南亚","pk","巴基斯坦","local_community","本地社群","本地社群","local community","ok","","","Fizz: Your Authentic Community","Meetup: Social Events & Groups","Smartlist Local Directory","Fizz Social Corp."
"2026-08-31","南亚","pk","巴基斯坦","dating","交友约会","关系建立","dating","ok","","","Tinder Dating App: Meet & Date","Bumble Dating app: Chat & Date","Instinct: Casual Dating App","Tinder LLC"
"2026-08-31","南亚","pk","巴基斯坦","fitness","健身运动","生活决策","workout plan","ok","","","Gym Workout App & Fitness Plan","Workout for Women: Fitness App","Gymverse: Gym Workout Planner","FITNESS ONLINE MChJ"
"2026-08-31","南亚","pk","巴基斯坦","home_decor","家居装修","生活决策","home decor ideas","medium","6","Pinterest: Lifestyle Ideas","Home AI - AI Interior Design","Houzz Home Design & Renovation","Home Decoration Ideas","HUBX YAZILIM HIZMETLERI ANONIM SIRKETI"
"2026-08-31","南亚","bd","孟加拉国","news_public","新闻与公共议题","信息公共场","news","empty","","","","","",""
"2026-08-31","南亚","bd","孟加拉国","chat_friends","与朋友聊天","私域沟通","chat with friends","empty","","","","","",""
"2026-08-31","南亚","bd","孟加拉国","short_video","看短视频","视频消费","short videos","empty","","","","","",""
"2026-08-31","南亚","bd","孟加拉国","share_photos","分享照片","内容表达","share photos","empty","","","","","",""
"2026-08-31","南亚","bd","孟加拉国","discover_inspiration","找灵感","灵感发现","inspiration ideas","empty","","","","","",""
"2026-08-31","南亚","bd","孟加拉国","recipes","做饭找菜谱","生活决策","recipes","empty","","","","","",""
"2026-08-31","南亚","bd","孟加拉国","travel_plan","旅行做攻略","生活决策","travel itinerary","empty","","","","","",""
"2026-08-31","南亚","bd","孟加拉国","restaurant","找餐厅","生活决策","restaurant reviews","empty","","","","","",""
"2026-08-31","南亚","bd","孟加拉国","beauty_skincare","护肤美妆测评","生活决策","skincare reviews","empty","","","","","",""
"2026-08-31","南亚","bd","孟加拉国","shopping_deals","购物比价","消费决策","shopping deals","empty","","","","","",""
"2026-08-31","南亚","bd","孟加拉国","product_review","买东西看测评","消费决策","product reviews","empty","","","","","",""
"2026-08-31","南亚","bd","孟加拉国","learn_howto","学东西教程","知识获取","how to tutorials","empty","","","","","",""
"2026-08-31","南亚","bd","孟加拉国","local_community","本地社群","本地社群","local community","empty","","","","","",""
"2026-08-31","南亚","bd","孟加拉国","dating","交友约会","关系建立","dating","empty","","","","","",""
"2026-08-31","南亚","bd","孟加拉国","fitness","健身运动","生活决策","workout plan","empty","","","","","",""
"2026-08-31","南亚","bd","孟加拉国","home_decor","家居装修","生活决策","home decor ideas","empty","","","","","",""
"2026-08-31","西欧","gb","英国","news_public","新闻与公共议题","信息公共场","news","ok","","","Apple News","BBC News - UK & World Stories","Sky News: Breaking, UK & World","Apple Distribution International"
"2026-08-31","西欧","gb","英国","chat_friends","与朋友聊天","私域沟通","chat with friends","ok","7","Discord – Talk, Play, Hang Out","Yubo : Make friends & chat now","Bored Chat-chat with strangers","Wizz App - chat now","Twelve APP"
"2026-08-31","西欧","gb","英国","short_video","看短视频","视频消费","short videos","ok","4","TikTok - Videos, Music & LIVE","ReelShort - Stream Drama & TV","DramaBox - Stream Drama Shorts","Dailymotion: Social Videos","New Leaf Publishing, Inc."
"2026-08-31","西欧","gb","英国","share_photos","分享照片","内容表达","share photos","ok","","","FamilyAlbum: Share Baby Photos","Quick Share : File Sharing","Send Anywhere - File Transfer","MIXI, Inc."
"2026-08-31","西欧","gb","英国","discover_inspiration","找灵感","灵感发现","inspiration ideas","ok","1","Pinterest: Lifestyle Ideas","Pinterest: Lifestyle Ideas","TED Talks: Watch and Learn","Inspired Minds: Activity Ideas","Pinterest, Inc."
"2026-08-31","西欧","gb","英国","recipes","做饭找菜谱","生活决策","recipes","ok","","","Good Food: Recipe Finder","Tasty: Recipes, Cooking Videos","Kitchen Stories Easy Recipes","Immediate Media Company Limited"
"2026-08-31","西欧","gb","英国","travel_plan","旅行做攻略","生活决策","travel itinerary","ok","","","TripIt: Travel Planner","Wanderlog - Travel Planner","Stippl - Travel Planner","TripIt Inc"
"2026-08-31","西欧","gb","英国","restaurant","找餐厅","生活决策","restaurant reviews","ok","","","Beli","Tripadvisor: Plan & Book Trips","OpenTable: Restaurant Bookings","Beli Technologies, Inc."
"2026-08-31","西欧","gb","英国","beauty_skincare","护肤美妆测评","生活决策","skincare reviews","ok","","","Vett: Trusted Skincare Reviews","Musely","Skan - #1 Skincare App","Vett LLC"
"2026-08-31","西欧","gb","英国","shopping_deals","购物比价","消费决策","shopping deals","ok","","","hotukdeals - Deals & Discounts","Groupon - Local Deals Near Me","Shop: All your favorite brands","Pepper Media Holding GmbH"
"2026-08-31","西欧","gb","英国","product_review","买东西看测评","消费决策","product reviews","ok","","","Trustpilot: Reviews & Ratings","Yuka - Food & Cosmetic Scanner","Influenster: Try free products","Trustpilot AS"
"2026-08-31","西欧","gb","英国","learn_howto","学东西教程","知识获取","how to tutorials","ok","","","Simply Draw: Learn to Draw","Drawing Desk:Learn to Draw App","Beauty Makeup Tips: How To, Tutorials & Ideas","Simply Ltd"
"2026-08-31","西欧","gb","英国","local_community","本地社群","本地社群","local community","ok","2","Nextdoor: Neighbour Network","Loci: Your Local Community App","Nextdoor: Neighbour Network","Mighty Networks","Loci App Limited"
"2026-08-31","西欧","gb","英国","dating","交友约会","关系建立","dating","ok","","","Bumble Dating app: Chat & Date","Tinder Dating App: Meet & Date","Badoo: Dating app & Friends","Bumble Holding Limited"
"2026-08-31","西欧","gb","英国","fitness","健身运动","生活决策","workout plan","ok","","","Gymshark Training and Fitness","Strong Workout Tracker Gym Log","Fitness Coach - Workout Plan","Gymshark Ltd"
"2026-08-31","西欧","gb","英国","home_decor","家居装修","生活决策","home decor ideas","medium","","","Redecor - Home Design Game","Wayfair – Shop All Things Home","Home Planner AI：Room Design 3D","Reworks Oy"
"2026-08-31","西欧","de","德国","news_public","新闻与公共议题","信息公共场","nachrichten","ok","","","Nachrichten","tagesschau - Nachrichten","ntv Nachrichten","Apple Distribution International"
"2026-08-31","西欧","de","德国","chat_friends","与朋友聊天","私域沟通","freunde chat","ok","","","Yubo - Neue Freunde finden","Boo – Dating. Freunde. Chat.","Feels: Dating & Partnersuche","Twelve APP"
"2026-08-31","西欧","de","德国","short_video","看短视频","视频消费","kurzvideos","ok","","","ReelShort - Stream Drama & TV","StoryReel: Exclusive Drama","CapCut: Foto- und Video-Editor","New Leaf Publishing, Inc."
"2026-08-31","西欧","de","德国","share_photos","分享照片","内容表达","fotos teilen","ok","","","celebrate: Teile Fotos & Video","Dropbox: Speicher für Dateien","Google Fotos","die kartenmacherei GmbH"
"2026-08-31","西欧","de","德国","discover_inspiration","找灵感","灵感发现","inspiration ideen","ok","1","Pinterest","Pinterest","Zitat des Tages 2026","Vornamen von Babys","PINTEREST EUROPE LIMITED"
"2026-08-31","西欧","de","德国","recipes","做饭找菜谱","生活决策","rezepte","ok","","","Chefkoch – Rezepte & Kochen","KptnCook: Rezepte & Kochen","Kitchen Stories Rezepte Kochen","Chefkoch GmbH"
"2026-08-31","西欧","de","德国","travel_plan","旅行做攻略","生活决策","reiseplanung","ok","","","Polarsteps","Wanderlog - Reiseplaner App","TripIt: Reiseplaner","Polarsteps B.V."
"2026-08-31","西欧","de","德国","restaurant","找餐厅","生活决策","restaurant bewertungen","ok","","","OpenTable","Tabelog - Restaurants in Japan","Tripadvisor: planen und buchen","OpenTable, Inc."
"2026-08-31","西欧","de","德国","beauty_skincare","护肤美妆测评","生活决策","hautpflege bewertungen","ok","","","True Eve - Gesichtsbewertung","OnSkin - Produkt-Scanner","Gloura AI","NADEZDA MONIATIS"
"2026-08-31","西欧","de","德国","shopping_deals","购物比价","消费决策","shopping angebote","ok","","","mydealz – Gutscheine, Angebote","Quelle Technik & Haushalt Shop","marktguru Prospekte & Angebote","Pepper Media Holding GmbH"
"2026-08-31","西欧","de","德国","product_review","买东西看测评","消费决策","produktbewertungen","ok","","","Cimenio - Geld verdienen","EtaRating","","Cimenio GmbH"
"2026-08-31","西欧","de","德国","learn_howto","学东西教程","知识获取","anleitungen lernen","ok","","","Simply Draw: Zeichnen lernen","Stricken Häkeln Lernen Guide","Spagat Lernen in 30 Tagen","Simply Ltd"
"2026-08-31","西欧","de","德国","local_community","本地社群","本地社群","lokale gemeinschaft","medium","","","KINK People - BDSM-Dating-App","KINK People - BDSM-Sticker","Proximety","M.A.D. Mobile Apps Developers Limited"
"2026-08-31","西欧","de","德国","dating","交友约会","关系建立","dating","ok","","","Bumble: Dating & Partnersuche","Instinct: Casual Dating App","LOVOO: Dating, Flirt & Chat","Bumble Holding Limited"
"2026-08-31","西欧","de","德国","fitness","健身运动","生活决策","fitness training","ok","","","Fitness App—Gym Workout, Sport","Workouts Zuhause - Fitness App","Freeletics: HIIT Fitness Coach","FITNESS ONLINE MChJ"
"2026-08-31","西欧","de","德国","home_decor","家居装修","生活决策","wohnideen einrichtung","ok","","","Wohnidee ePaper","Schöner Wohnen Magazin","AI Home Design - Einrichtung","Bauer Vertriebs KG"
"2026-08-31","西欧","fr","法国","news_public","新闻与公共议题","信息公共场","actualités","ok","","","Google Actualités","franceinfo: l’info en continu","Le Monde, Actualités en direct","Google LLC"
"2026-08-31","西欧","fr","法国","chat_friends","与朋友聊天","私域沟通","discuter amis","medium","","","Azar : Chat, Amis","Linduu, et toi ?","Boo — Rencontres. Amis. Chat.","Hyperconnect LLC"
"2026-08-31","西欧","fr","法国","short_video","看短视频","视频消费","vidéos courtes","ok","","","Likee - App de vidéos courtes","Captions Vidéos courtes par IA","Playlet:Regarder courts & TV","LIKEME PTE. LTD."
"2026-08-31","西欧","fr","法国","share_photos","分享照片","内容表达","partager photos","ok","","","celebrate - partage de photos","Collect par WeTransfer","EventPics: Photos avec QR code","die kartenmacherei GmbH"
"2026-08-31","西欧","fr","法国","discover_inspiration","找灵感","灵感发现","inspiration idées","ok","1","Pinterest: Idées & Inspiration","Pinterest: Idées & Inspiration","home24 | Meubles lampes & déco","Globter — Vos idées voyages","Pinterest, Inc."
"2026-08-31","西欧","fr","法国","recipes","做饭找菜谱","生活决策","recettes","ok","","","Jow - Recettes, Menus, Courses","Marmiton : recettes de cuisine","750g, recettes de cuisine","Jow"
"2026-08-31","西欧","fr","法国","travel_plan","旅行做攻略","生活决策","itinéraire voyage","ok","","","Wanderlog Planificateur Voyage","Polarsteps","Stippl: Planificateur voyage","Vacation and Travel Planner App LLC"
"2026-08-31","西欧","fr","法国","restaurant","找餐厅","生活决策","avis restaurants","ok","","","Tripadvisor : voyages et avis","Yelp - Avis de Restaurants","OpenTable","Tripadvisor"
"2026-08-31","西欧","fr","法国","beauty_skincare","护肤美妆测评","生活决策","avis soins peau","ok","","","SkinTalk : Avis cosmétiques","","","SEVDE SAVAS"
"2026-08-31","西欧","fr","法国","shopping_deals","购物比价","消费决策","achats promotions","ok","","","Naomi I Cashback & Réductions","Auchan FR - Courses & fidélité","L’Armoire de Bébé: Achats bébé","TDC DATA"
"2026-08-31","西欧","fr","法国","product_review","买东西看测评","消费决策","avis produits","ok","","","Yuka - Scan de produits","Avis & scan produit - Deliceat","Trustpilot : avis clients","Yuca"
"2026-08-31","西欧","fr","法国","learn_howto","学东西教程","知识获取","tutoriels apprendre","ok","","","Apprendre à Dessiner AR","LinkedIn Learning","Simply Draw: À toi de dessiner","Lidwien Veugen"
"2026-08-31","西欧","fr","法国","local_community","本地社群","本地社群","communauté locale","ok","","","Defmarket: Communauté Publique","Oukhty","Simizi - Chat Vidéo & Sociale","Hyperion Defense"
"2026-08-31","西欧","fr","法国","dating","交友约会","关系建立","rencontres","ok","","","happn : appli de rencontre","Fruitz: Appli de rencontre","Bumble: Rencontre, Tchat, Amis","HAPPN SAS"
"2026-08-31","西欧","fr","法国","fitness","健身运动","生活决策","entraînement fitness","ok","","","HARNA : Entraînement & fitness","Sport & Fitness Perte de Poids","LazyFit: Entraînement débutant","Amoapps Limited"
"2026-08-31","西欧","fr","法国","home_decor","家居装修","生活决策","décoration maison","medium","","","Home Design : Renovate to Rent","Plan maison IA: Intérieur 3D","Home Design Makeover","NSTAGE Inc."
"2026-08-31","西欧","it","意大利","news_public","新闻与公共议题","信息公共场","notizie","ok","","","Google News","SQUID – Notizie e riviste","TGCOM24","Google LLC"
"2026-08-31","西欧","it","意大利","chat_friends","与朋友聊天","私域沟通","chat amici","ok","","","Azar - Chat e nuovi amici","Yubo - Fare nuove amicizie","Hoop - Nuovi amici","Hyperconnect LLC"
"2026-08-31","西欧","it","意大利","short_video","看短视频","视频消费","video brevi","ok","","","CapCut: editor di foto e video","Likee - App dei video brevi","Captions: Video brevi con IA","BYTEDANCE PTE. LTD."
"2026-08-31","西欧","it","意大利","share_photos","分享照片","内容表达","condividere foto","ok","6","Tumblr: Cultura, Arte, Caos","celebrate: condividi le foto","Trasferimento Dati, Foto, File","Foto collage","die kartenmacherei GmbH"
"2026-08-31","西欧","it","意大利","discover_inspiration","找灵感","灵感发现","ispirazione idee","ok","1","Pinterest","Pinterest","NailFeed: Idee Unghie","Idee per scrivere","Pinterest, Inc."
"2026-08-31","西欧","it","意大利","recipes","做饭找菜谱","生活决策","ricette","ok","","","GialloZafferano: le Ricette","Recify - Ricette per la Cucina","Fatto in Casa da Benedetta","Mondadori Digital SPA"
"2026-08-31","西欧","it","意大利","travel_plan","旅行做攻略","生活决策","itinerario viaggio","ok","","","Wanderlog Viaggi Pianificatore","Polarsteps","Travel365 - Guide di Viaggio","Vacation and Travel Planner App LLC"
"2026-08-31","西欧","it","意大利","restaurant","找餐厅","生活决策","recensioni ristoranti","ok","","","Tripadvisor: prenota viaggi","Bestie Bite: scopri ristoranti","HotelTonight: Sconti Hotel","Tripadvisor"
"2026-08-31","西欧","it","意大利","beauty_skincare","护肤美妆测评","生活决策","recensioni skincare","empty","","","","","",""
"2026-08-31","西欧","it","意大利","shopping_deals","购物比价","消费决策","shopping offerte","ok","","","eBay: Shopping e Vendita Usato","PromoQui: Shopping e Risparmio","DoveConviene Volantini Offerte","eBay Inc."
"2026-08-31","西欧","it","意大利","product_review","买东西看测评","消费决策","recensioni prodotti","ok","","","Trustpilot: Recensioni clienti","Tiè","Shopper Truth","Trustpilot AS"
"2026-08-31","西欧","it","意大利","learn_howto","学东西教程","知识获取","tutorial imparare","ok","","","Cubo di Rubik: Risolutore","Simply Draw: Impara il disegno","flowkey – Impara il pianoforte","Itiel Maimon"
"2026-08-31","西欧","it","意大利","local_community","本地社群","本地社群","comunità locale","ok","3","WhatsApp Messenger","Smart ANPR","BEARWWWW : Chat & Incontri Gay","WhatsApp Messenger","Servizi Locali S.p.A."
"2026-08-31","西欧","it","意大利","dating","交友约会","关系建立","incontri","ok","","","LOVOO - App incontri & Chat","Badoo - Incontra gente nuova","Tinder: app di dating","PE Digital GmbH"
"2026-08-31","西欧","it","意大利","fitness","健身运动","生活决策","allenamento fitness","ok","","","Fitness e Allenamento a Casa","Allenamento a Casa","Fitness Coach by FitCoach","MONTIBUS LTD"
"2026-08-31","西欧","it","意大利","home_decor","家居装修","生活决策","arredamento casa","low","","","Arredamento interni IA：Casa 3D","Redecor - Home Design Game","Design Home™: Progettare Case","Room Planner Ltd"
"2026-08-31","西欧","es","西班牙","news_public","新闻与公共议题","信息公共场","noticias","ok","5","X","Google News","Periódicos Españoles","Flipboard","Google LLC"
"2026-08-31","西欧","es","西班牙","chat_friends","与朋友聊天","私域沟通","chat amigos","ok","5","Snapchat: chatea con amigxs","Yubo - Haz nuevos amigos","Litmatch - Haz amigos nuevos","Hoop - Haz nuevos amigos","Twelve APP"
"2026-08-31","西欧","es","西班牙","short_video","看短视频","视频消费","videos cortos","ok","7","TikTok: mucho más que videos","DramaBox - Series en Línea","Likee - App de Vídeos Cortos","InShot - Editor de vídeo","STORYMATRIX PTE. LTD"
"2026-08-31","西欧","es","西班牙","share_photos","分享照片","内容表达","compartir fotos","ok","","","Google Fotos","celebrate: compartir fotos","Dots Memories: tu historia","Google LLC"
"2026-08-31","西欧","es","西班牙","discover_inspiration","找灵感","灵感发现","inspiración ideas","ok","","","Cita del día e inspiración","сreAItion: Ideas de Contenido","Inspírame","AppChocolate Ltd."
"2026-08-31","西欧","es","西班牙","recipes","做饭找菜谱","生活决策","recetas","ok","","","Cookpad recetas, cocina casera","MyRealFood: Escáner y recetas","CookNest・Guarda tus recetas","COOKPAD INC. (CA)"
"2026-08-31","西欧","es","西班牙","travel_plan","旅行做攻略","生活决策","itinerario viaje","ok","","","itinio Recomendaciones locales","Wanderlog Planificador Viajes","TripIt: Travel Planner","Alberto Araiz Bitar"
"2026-08-31","西欧","es","西班牙","restaurant","找餐厅","生活决策","reseñas restaurantes","ok","","","OpenTable","Button: Restaurantes y Reseñas","Vota - Buscador de restaurante","OpenTable, Inc."
"2026-08-31","西欧","es","西班牙","beauty_skincare","护肤美妆测评","生活决策","reseñas cuidado piel","empty","","","","","",""
"2026-08-31","西欧","es","西班牙","shopping_deals","购物比价","消费决策","compras ofertas","ok","","","Temu: Compra como millonario","Chollometro - Chollos, ofertas","Tilt: Compra oferta en directo","Whaleco Inc."
"2026-08-31","西欧","es","西班牙","product_review","买东西看测评","消费决策","reseñas productos","medium","","","Trustpilot: reseñas de fiar","WaiterUp: Reseñas y Propinas","Oeni: #1 Gestión de Bodegas","Trustpilot AS"
"2026-08-31","西欧","es","西班牙","learn_howto","学东西教程","知识获取","tutoriales aprender","ok","","","Punto Fácil - Aprende a tejer","Tutoriales programación iOS","Crochet Me - Aprende crochet","AnnapurnApp Technologies UG haftungsbeschrankt"
"2026-08-31","西欧","es","西班牙","local_community","本地社群","本地社群","comunidad local","ok","5","WhatsApp Messenger","Eventbrite","Spotted - Local Dating App","Viazzi: Viajes y Guías Locales","Eventbrite"
"2026-08-31","西欧","es","西班牙","dating","交友约会","关系建立","citas","ok","","","Bumble: Chat. Ligar. Citas","Badoo - Chat. Ligar. Citas","Flava: Chat, Citas y Ligar","Bumble Holding Limited"
"2026-08-31","西欧","es","西班牙","fitness","健身运动","生活决策","entrenamiento fitness","ok","","","Fitness para Adelgazar en Casa","Ejercicios en Casa -Sin Equipo","Ejercicios, entrenamiento casa","MONTIBUS LTD"
"2026-08-31","西欧","es","西班牙","home_decor","家居装修","生活决策","decoración hogar","ok","","","La Redoute: Moda y Decoración","Fantasy Room: Decoración Hogar","Room Styler - Decoración Hogar","La Redoute"
"2026-08-31","西欧","nl","荷兰","news_public","新闻与公共议题","信息公共场","news","ok","","","BBC: World News & Stories","Google Nieuws","CNN: Live & Breaking News","BBC Studios Distribution Ltd."
"2026-08-31","西欧","nl","荷兰","chat_friends","与朋友聊天","私域沟通","chat with friends","medium","1","Snapchat: chatten met vrienden","Snapchat: chatten met vrienden","Yubo - Nieuwe vrienden maken","PolyBuzz: Chat with Characters","Snap, Inc."
"2026-08-31","西欧","nl","荷兰","short_video","看短视频","视频消费","short videos","ok","4","TikTok","Likee - Video, Live, Chat","ReelShort - Stream Drama & TV","My Drama - Stream Short Dramas","LIKEME PTE. LTD."
"2026-08-31","西欧","nl","荷兰","share_photos","分享照片","内容表达","share photos","ok","","","FamilyAlbum: Share Baby Photos","BeReal. Echt je vrienden.","PhotoCircle","MIXI, Inc."
"2026-08-31","西欧","nl","荷兰","discover_inspiration","找灵感","灵感发现","inspiration ideas","ok","2","Pinterest","Inspired Minds: Activity Ideas","Pinterest","TED","I Teach Tiny Humans, LLC"
"2026-08-31","西欧","nl","荷兰","recipes","做饭找菜谱","生活决策","recipes","ok","","","Tasty: Recipes, Cooking Videos","NYT Cooking: Quick Tasty Meals","Kitchen Stories Easy Recipes","BuzzFeed"
"2026-08-31","西欧","nl","荷兰","travel_plan","旅行做攻略","生活决策","travel itinerary","ok","","","Stippl - Travel Planner","TripIt: Travel Planner","Wanderlog - Reisplanner","Stippl B.V."
"2026-08-31","西欧","nl","荷兰","restaurant","找餐厅","生活决策","restaurant reviews","medium","","","OpenTable: Restaurant Bookings","TheFork- reserveer restaurant","Beli","OpenTable, Inc."
"2026-08-31","西欧","nl","荷兰","beauty_skincare","护肤美妆测评","生活决策","skincare reviews","ok","","","SKINS - Skincare Analyzer","OnSkin: Beauty Product Scanner","Google Chrome","Singgih Surya Dharma"
"2026-08-31","西欧","nl","荷兰","shopping_deals","购物比价","消费决策","shopping deals","ok","","","AliExpress Shopping App","Temu:Winkel als een miljardair","Shop: Al je favoriete merken","Alibaba.com Singapore E-Commerce Private Limited"
"2026-08-31","西欧","nl","荷兰","product_review","买东西看测评","消费决策","product reviews","ok","","","Trustpilot: consumentenreviews","OnSkin: Beauty Product Scanner","Influenster: Gratis producten","Trustpilot AS"
"2026-08-31","西欧","nl","荷兰","learn_howto","学东西教程","知识获取","how to tutorials","ok","","","Teken Tafel: Leren Tekenen App","Makkelijk leren tekenen app","Simply Draw: Leer tekenen","4Axis Technologies Pte. Ltd."
"2026-08-31","西欧","nl","荷兰","local_community","本地社群","本地社群","local community","ok","1","Nextdoor: buurtnetwerk","Nextdoor: buurtnetwerk","Jodel: Hyperlocal Community","Meetup: groepen en evenementen","Nextdoor.com, Inc."
"2026-08-31","西欧","nl","荷兰","dating","交友约会","关系建立","dating","ok","","","Bumble: Dating app & Vrienden","happn - lokale dating & chat","Tinder","Bumble Holding Limited"
"2026-08-31","西欧","nl","荷兰","fitness","健身运动","生活决策","workout plan","ok","","","Hevy - Workout Tracker Gym Log","Gymshark Training and Fitness","Fitness App—GYM Workout, Sport","Hevy Studios S.L."
"2026-08-31","西欧","nl","荷兰","home_decor","家居装修","生活决策","home decor ideas","medium","5","Pinterest","Houzz - Home Design & Remodel","Redecor - Home Design Game","Kamer inrichten KI: 3D huis AR","Houzz Inc."
"2026-08-31","中东","ae","阿联酋","news_public","新闻与公共议题","信息公共场","أخبار","ok","2","X","نبض Nabd - اخبار العالم ، عاجل","X","Al Jazeera - الجزيرة","NABD Limited"
"2026-08-31","中东","ae","阿联酋","chat_friends","与朋友聊天","私域沟通","محادثة أصدقاء","ok","","","Mamba - Dating, Meet, Chat","Pdb: Personality & Friends","Azar: Chat, Meet Friends","JSC Mamba"
"2026-08-31","中东","ae","阿联酋","short_video","看短视频","视频消费","فيديوهات قصيرة","ok","10","WhatsApp Messenger","Likee - Video, Live, Chat","NetShort - Popular Dramas & TV","GoodShort - Short Dramas Hub","LIKEME PTE. LTD."
"2026-08-31","中东","ae","阿联酋","share_photos","分享照片","内容表达","مشاركة الصور","ok","","","ملفاتي بلس نقل و مشاركة الصور","Google Photos: Backup & Edit","SHAREit: Transfer, Share Files","Romman Smart Applications LLC"
"2026-08-31","中东","ae","阿联酋","discover_inspiration","找灵感","灵感发现","إلهام أفكار","ok","","","NailUP: Nail Art & Designs","Baby names ·","personal stylist - Stylaime","CIHAN AKGUL"
"2026-08-31","中东","ae","阿联酋","recipes","做饭找菜谱","生活决策","وصفات طبخ","ok","","","Cookpad: Recipe & Meal Planner","وصفاتي - طبخ و حلويات و معجنات","وصفات طبخ - FoodFol | فودفول","COOKPAD INC. (CA)"
"2026-08-31","中东","ae","阿联酋","travel_plan","旅行做攻略","生活决策","خطة سفر","ok","","","Wanderlog - Travel Planner","Holafly eSIM: Travel Data","Tripomatic Trip Planner & Maps","Vacation and Travel Planner App LLC"
"2026-08-31","中东","ae","阿联酋","restaurant","找餐厅","生活决策","تقييم مطاعم","ok","","","تقييم المطاعم","Elfeedback","FoodHood.","Digix Company For Digital Business Solutions Ltd"
"2026-08-31","中东","ae","阿联酋","beauty_skincare","护肤美妆测评","生活决策","مراجعات العناية بالبشرة","ok","","","SkinTalk: Cosmetic Reviews","","","SEVDE SAVAS"
"2026-08-31","中东","ae","阿联酋","shopping_deals","购物比价","消费决策","تسوق عروض","ok","","","D4D Shopping Offers & Coupons","Temu: Shop Like a Billionaire","noon Shopping, Food, Grocery","VOIX ME TECHNOLOGIES"
"2026-08-31","中东","ae","阿联酋","product_review","买东西看测评","消费决策","مراجعات المنتجات","ok","","","Shopper Truth","","","Paride Di Lazzaro"
"2026-08-31","中东","ae","阿联酋","learn_howto","学东西教程","知识获取","دروس تعليمية","ok","","","Promova: Language Learning App","Simply Draw: Learn to Draw","3asafeer School: Learn Arabic","Unlimited Promova Limited"
"2026-08-31","中东","ae","阿联酋","local_community","本地社群","本地社群","مجتمع محلي","ok","","","Fizz: Your Authentic Community","Spotted - Local Dating App","KINK People - BDSM Dating App","Fizz Social Corp."
"2026-08-31","中东","ae","阿联酋","dating","交友约会","关系建立","تعارف","medium","","","SayHi Chat - Meet New People","EZMatch: 18+ Dating,Meet&Flirt","Tinder Dating App: Meet & Date","UNEARBY LIMITED"
"2026-08-31","中东","ae","阿联酋","fitness","健身运动","生活决策","تمارين رياضية","ok","","","Home Workout - No Equipments","Workout for Women: Fit at Home","30 Day Fitness - Home Workout","Leap Health Fitness Limited"
"2026-08-31","中东","ae","阿联酋","home_decor","家居装修","生活决策","ديكور منزل","medium","","","PAN Home – Furniture & Décor","Fantasy Room: Home Decor","Home Planner AI：Room Design 3D","PAN EMIRATES HOME FURNISHINGS LLC"
"2026-08-31","中东","sa","沙特","news_public","新闻与公共议题","信息公共场","أخبار","ok","1","Reddit","Reddit","X","نبض Nabd - اخبار العالم ، عاجل","REDDIT, INC."
"2026-08-31","中东","sa","沙特","chat_friends","与朋友聊天","私域沟通","محادثة أصدقاء","ok","","","Pdb: Personality & Friends","Mamba - Dating, Meet, Chat","Azar: Chat, Meet Friends","PDB PTE. LTD."
"2026-08-31","中东","sa","沙特","short_video","看短视频","视频消费","فيديوهات قصيرة","ok","","","Likee - Video, Live, Chat","Kwai - Cool Videos & Social","NetShort - Popular Dramas & TV","LIKEME PTE. LTD."
"2026-08-31","中东","sa","沙特","share_photos","分享照片","内容表达","مشاركة الصور","ok","7","Instants – an Instagram app","SHAREit: Transfer, Share Files","ملفاتي بلس نقل و مشاركة الصور","Wifi photo share transfer","SHAREit Technologies Co. Ltd"
"2026-08-31","中东","sa","沙特","discover_inspiration","找灵感","灵感发现","إلهام أفكار","ok","","","Motivation & Daily Quotes","ALHOME","Baby names ·","TEM APP LTD"
"2026-08-31","中东","sa","沙特","recipes","做饭找菜谱","生活决策","وصفات طبخ","ok","","","Cookpad: Recipe & Meal Planner","وصفاتي - طبخ و حلويات و معجنات","Suha: AI Recipes Organizer","COOKPAD INC. (CA)"
"2026-08-31","中东","sa","沙特","travel_plan","旅行做攻略","生活决策","خطة سفر","ok","","","Holafly eSIM: Travel Data","Monty eSIM: Travel & Connect","Vio: Hotels & travel deals","HOLAFLY LIMITED"
"2026-08-31","中东","sa","沙特","restaurant","找餐厅","生活决策","تقييم مطاعم","ok","","","FoodHood.","تقييم المطاعم","Savr: Find Restaurants & Cafes","Meshal Almuallimi"
"2026-08-31","中东","sa","沙特","beauty_skincare","护肤美妆测评","生活决策","مراجعات العناية بالبشرة","ok","","","SkinTalk: Cosmetic Reviews","","","SEVDE SAVAS"
"2026-08-31","中东","sa","沙特","shopping_deals","购物比价","消费决策","تسوق عروض","ok","","","Namshi - Online Fashion Store","D4D Shopping Offers & Coupons","Temu: Shop Like a Billionaire","Namshi General Trading LLC"
"2026-08-31","中东","sa","沙特","product_review","买东西看测评","消费决策","مراجعات المنتجات","ok","","","Shopper Truth","","","Paride Di Lazzaro"
"2026-08-31","中东","sa","沙特","learn_howto","学东西教程","知识获取","دروس تعليمية","ok","","","Promova: Language Learning App","Dadibadi","Simply Draw: Learn to Draw","Unlimited Promova Limited"
"2026-08-31","中东","sa","沙特","local_community","本地社群","本地社群","مجتمع محلي","ok","","","Sohba صحبه","Blocks@","وشلونه","Ashkal For Information Technology Company"
"2026-08-31","中东","sa","沙特","dating","交友约会","关系建立","تعارف","ok","","","Tinder Dating App: Meet & Date","SayHi Chat - Meet New People","فضفض صداقات - شات تعارف اصدقاء","Tinder LLC"
"2026-08-31","中东","sa","沙特","fitness","健身运动","生活决策","تمارين رياضية","ok","","","Home Workout - No Equipments","Workout for Women: Fit at Home","Gym Workout App & Fitness Plan","Leap Health Fitness Limited"
"2026-08-31","中东","sa","沙特","home_decor","家居装修","生活决策","ديكور منزل","medium","","","Fantasy Room: Home Decor","Home Planner AI：Room Design 3D","Room Decor: Lovely Home","Tang Thi Thuy"
"2026-08-31","中东","tr","土耳其","news_public","新闻与公共议题","信息公共场","haberler","ok","","","Haberler.com","Son Dakika","Bundle News: Breaking & Local","Brokoli Yazilim Ltd. Sti."
"2026-08-31","中东","tr","土耳其","chat_friends","与朋友聊天","私域沟通","arkadaş sohbet","ok","5","Snapchat: Chat with friends","Tempo - Video chat discover","Litmatch - Make new friends","Boo — Dating. Friends. Chat.","Arrof LTD"
"2026-08-31","中东","tr","土耳其","short_video","看短视频","视频消费","kısa video","ok","2","TikTok - Videos, Music & LIVE","Kwai - Short Video Community","TikTok - Videos, Music & LIVE","CapCut: Photo & Video Editor","JOYO TECHNOLOGY PTE. LTD."
"2026-08-31","中东","tr","土耳其","share_photos","分享照片","内容表达","fotoğraf paylaş","ok","9","Instagram","SHAREit: Transfer, Share Files","Google Photos: Backup & Edit","Memorio - Wedding Photos","SHAREit Technologies Co. Ltd"
"2026-08-31","中东","tr","土耳其","discover_inspiration","找灵感","灵感发现","ilham fikir","ok","","","Fikir Turu","Quote of the Day & Inspiration","Zsa Zsa Zsu","woo medya"
"2026-08-31","中东","tr","土耳其","recipes","做饭找菜谱","生活决策","yemek tarifleri","ok","","","Nefis Yemek Tarifleri","Yemek.com: Yemek Tarifleri","Ne Pişirsem? Yemek Tarifleri","NYT Bilgi Teknolojileri Sanayi ve Ticaret A.S."
"2026-08-31","中东","tr","土耳其","travel_plan","旅行做攻略","生活决策","gezi planı","ok","","","TripShape: AI Travel Planning","Tourist Trip , Itinerary Maker","Tripadvisor: Plan & Book Trips","TripShape Ltd"
"2026-08-31","中东","tr","土耳其","restaurant","找餐厅","生活决策","restoran yorumları","ok","","","Tripadvisor: Plan & Book Trips","Rotaste: Yakında Restoran","Yelp: Food, Services & Reviews","Tripadvisor"
"2026-08-31","中东","tr","土耳其","beauty_skincare","护肤美妆测评","生活决策","cilt bakım yorum","ok","","","Dermsis: Cilt ve Saç Bakımı","SkinAI: What Your Skin Says","Randevu+","Sertug Eroglu"
"2026-08-31","中东","tr","土耳其","shopping_deals","购物比价","消费决策","alışveriş indirim","ok","","","n11-Online Shopping","Boyner – Online Shopping","Pazarama: Online Alışveriş","N11 ELEKTRONIK TICARET VE BILISIM HIZMETLERI ANONIM SIRKETI"
"2026-08-31","中东","tr","土耳其","product_review","买东西看测评","消费决策","ürün yorumları","ok","","","Denebunu","KazanıYORUM","NeuraMind: AI Mental Wellness","DENEBUNU BILGI TEKNOLOJILERI REKLAM HIZMETLERI PAZARLAMA SANAYI VE TICARET ANONIM SIRKETI"
"2026-08-31","中东","tr","土耳其","learn_howto","学东西教程","知识获取","nasıl yapılır","ok","","","Abs Exercises - Home Workout","Yemekdili","Hac - Umre Rehberi","Fitric"
"2026-08-31","中东","tr","土耳其","local_community","本地社群","本地社群","yerel topluluk","ok","","","Joino® | Local Events & People","Speed – Community Hangouts","Mahalle.","IRFAN DEGIRMENCI"
"2026-08-31","中东","tr","土耳其","dating","交友约会","关系建立","arkadaş bulma","ok","5","Snapchat: Chat with friends","Tinder Dating App: Meet & Date","happn: dating app","Litmatch - Make new friends","Tinder LLC"
"2026-08-31","中东","tr","土耳其","fitness","健身运动","生活决策","antrenman","ok","","","Apple Fitness","Antrenman Mobil","Home Workout - No Equipments","Apple Distribution International"
"2026-08-31","中东","tr","土耳其","home_decor","家居装修","生活决策","ev dekorasyon","low","","","Home Planner AI：Room Design 3D","Redecor - Home Design Game","FikirAl - Ev Dekorasyon 3D","Room Planner Ltd"
"2026-08-31","中东","eg","埃及","news_public","新闻与公共议题","信息公共场","أخبار","ok","5","X","نبض Nabd - اخبار العالم ، عاجل","اليوم السابع - Youm7","العربية | alarabiya","NABD Limited"
"2026-08-31","中东","eg","埃及","chat_friends","与朋友聊天","私域沟通","محادثة أصدقاء","ok","","","Mamba - Dating, Meet, Chat","Azar: Chat, Meet Friends","Pdb: Personality & Friends","JSC Mamba"
"2026-08-31","中东","eg","埃及","short_video","看短视频","视频消费","فيديوهات قصيرة","ok","10","WhatsApp Messenger","Likee - Video, Live, Chat","NetShort - Popular Dramas & TV","MoboReels: Short Drama & Movie","LIKEME PTE. LTD."
"2026-08-31","中东","eg","埃及","share_photos","分享照片","内容表达","مشاركة الصور","ok","7","Instants – an Instagram app","Wifi photo share transfer","ملفاتي بلس نقل و مشاركة الصور","Google Photos: Backup & Edit","Chun Li"
"2026-08-31","中东","eg","埃及","discover_inspiration","找灵感","灵感发现","إلهام أفكار","ok","","","Baby names ·","personal stylist - Stylaime","Lyric Notepad - Song Writing","Pierre Boudoin"
"2026-08-31","中东","eg","埃及","recipes","做饭找菜谱","生活决策","وصفات طبخ","ok","","","وصفات طبخ - FoodFol | فودفول","وصفاتي - طبخ و حلويات و معجنات","Cookpad: Recipe & Meal Planner","Mohammed Ghonem"
"2026-08-31","中东","eg","埃及","travel_plan","旅行做攻略","生活决策","خطة سفر","ok","","","Wanderlog - Travel Planner","OnPhone: Second Mobile Number","Yolla eSIM: Travel Data Sim","Vacation and Travel Planner App LLC"
"2026-08-31","中东","eg","埃及","restaurant","找餐厅","生活决策","تقييم مطاعم","ok","","","Savr: Find Restaurants & Cafes","Elfeedback","تقييم المطاعم","Mohammed Almukhtar"
"2026-08-31","中东","eg","埃及","beauty_skincare","护肤美妆测评","生活决策","مراجعات العناية بالبشرة","ok","","","SkinTalk: Cosmetic Reviews","","","SEVDE SAVAS"
"2026-08-31","中东","eg","埃及","shopping_deals","购物比价","消费决策","تسوق عروض","ok","","","D4D Shopping Offers & Coupons","Temu: Shop Like a Billionaire","noon Shopping, Food, Grocery","VOIX ME TECHNOLOGIES"
"2026-08-31","中东","eg","埃及","product_review","买东西看测评","消费决策","مراجعات المنتجات","ok","","","Shopper Truth","","","Paride Di Lazzaro"
"2026-08-31","中东","eg","埃及","learn_howto","学东西教程","知识获取","دروس تعليمية","ok","","","Simply Draw: Learn to Draw","Promova: Language Learning App","xcode and swift tutorials","Simply Ltd"
"2026-08-31","中东","eg","埃及","local_community","本地社群","本地社群","مجتمع محلي","ok","","","Fizz: Your Authentic Community","Spotted - Local Dating App","KINK People - BDSM Dating App","Fizz Social Corp."
"2026-08-31","中东","eg","埃及","dating","交友约会","关系建立","تعارف","medium","","","Nas Chat: Meet & Make Friends","EZMatch: 18+ Dating,Meet&Flirt","SUGO: Online Chat Party","TAFROLOGYA LTD"
"2026-08-31","中东","eg","埃及","fitness","健身运动","生活决策","تمارين رياضية","ok","","","Home Workout - No Equipments","Workout for Women: Fit at Home","Six Pack in 30 Days: Core, Abs","Leap Health Fitness Limited"
"2026-08-31","中东","eg","埃及","home_decor","家居装修","生活决策","ديكور منزل","medium","","","Fantasy Room: Home Decor","Home Planner AI：Room Design 3D","Room Decor: Lovely Home","Tang Thi Thuy"
"2026-08-31","中东","il","以色列","news_public","新闻与公共议题","信息公共场","news","ok","","","Google News","CNN: Live & Breaking News","FOX News: US & World Headlines","Google LLC"
"2026-08-31","中东","il","以色列","chat_friends","与朋友聊天","私域沟通","chat with friends","ok","1","Snapchat: Chat with friends","Snapchat: Chat with friends","Chatme-Chat with friends","Bored Chat-chat with strangers","Snap, Inc."
"2026-08-31","中东","il","以色列","short_video","看短视频","视频消费","short videos","ok","","","ReelShort - Stream Drama & TV","Likee - Video, Live, Chat","StoryReel: Exclusive Drama","New Leaf Publishing, Inc."
"2026-08-31","中东","il","以色列","share_photos","分享照片","内容表达","share photos","ok","","","BeReal: Photos & Friends Daily","Dropbox: Cloud File Storage","Quick Share : File Sharing","BeReal"
"2026-08-31","中东","il","以色列","discover_inspiration","找灵感","灵感发现","inspiration ideas","ok","2","Pinterest: Lifestyle Ideas","Wedding Dress Idea Inspiration","Pinterest: Lifestyle Ideas","Inspired Minds: Activity Ideas","Oguz Karadeniz"
"2026-08-31","中东","il","以色列","recipes","做饭找菜谱","生活决策","recipes","ok","","","Tasty: Recipes, Cooking Videos","Kitchen Stories Easy Recipes","Zest: Meal Planner & Recipes","BuzzFeed"
"2026-08-31","中东","il","以色列","travel_plan","旅行做攻略","生活决策","travel itinerary","ok","","","TripIt: Travel Planner","Wanderlog - Travel Planner","CheckMyTrip – Travel Itinerary","TripIt Inc"
"2026-08-31","中东","il","以色列","restaurant","找餐厅","生活决策","restaurant reviews","ok","","","OpenTable: Restaurant Bookings","Beli","Urbanspoon - Restaurant & Food Reviews","OpenTable, Inc."
"2026-08-31","中东","il","以色列","beauty_skincare","护肤美妆测评","生活决策","skincare reviews","ok","","","Vett: Trusted Skincare Reviews","SKINS - Skincare Analyzer","Google - More ways to search","Vett LLC"
"2026-08-31","中东","il","以色列","shopping_deals","购物比价","消费决策","shopping deals","ok","","","Amazon - Shopping made easy","AliExpress Shopping App","Temu: Shop Like a Billionaire","AMZN Mobile LLC"
"2026-08-31","中东","il","以色列","product_review","买东西看测评","消费决策","product reviews","ok","","","Influenster: Try free products","OnSkin: Beauty Product Scanner","Rate&Goods. Product reviews","Bazaarvoice, Inc."
"2026-08-31","中东","il","以色列","learn_howto","学东西教程","知识获取","how to tutorials","ok","","","Simply Draw: Learn to Draw","Learn How to Draw Tutorials","GuitarTuna: Tune & Play Guitar","Simply Ltd"
"2026-08-31","中东","il","以色列","local_community","本地社群","本地社群","local community","ok","","","Fizz: Your Authentic Community","Smartlist Local Directory","Meetup: Social Events & Groups","Fizz Social Corp."
"2026-08-31","中东","il","以色列","dating","交友约会","关系建立","dating","ok","","","Bumble Dating app: Chat & Date","OkCupid: Online Dating App","Tinder Dating App: Meet & Date","Bumble Holding Limited"
"2026-08-31","中东","il","以色列","fitness","健身运动","生活决策","workout plan","ok","","","Hevy - Gym Tracker Workout Log","Workout for Women: Fit at Home","Home Workout - No Equipments","Hevy Studios S.L."
"2026-08-31","中东","il","以色列","home_decor","家居装修","生活决策","home decor ideas","medium","5","Pinterest: Lifestyle Ideas","Home AI - AI Interior Design","Decor AI: Room & Home Design","Houzz Home Design & Renovation","HUBX YAZILIM HIZMETLERI ANONIM SIRKETI"
"2026-08-31","拉美","br","巴西","news_public","新闻与公共议题","信息公共场","notícias","ok","","","Google Notícias","G1 Portal de Notícias da Globo","CNN Brasil","Google LLC"
"2026-08-31","拉美","br","巴西","chat_friends","与朋友聊天","私域沟通","conversar amigos","ok","3","Snapchat: converse com amigos","Jaumo Batepapo, Chat e Namoro","Azar: Chat & Amigos","Snapchat: converse com amigos","Joyride GmbH"
"2026-08-31","拉美","br","巴西","short_video","看短视频","视频消费","vídeos curtos","ok","5","TikTok: Vídeos, Músicas & LIVE","ReelShort - Stream Drama & TV","Likee - App de vídeos curtos","Clapper: Video, Live, Chat","New Leaf Publishing, Inc."
"2026-08-31","拉美","br","巴西","share_photos","分享照片","内容表达","compartilhar fotos","ok","","","SHAREit: Compartilhe arquivos","Send Anywhere - File Transfer","Compartilhar Arquivos & Upload","SHAREit Technologies Co. Ltd"
"2026-08-31","拉美","br","巴西","discover_inspiration","找灵感","灵感发现","inspiração ideias","ok","1","Pinterest","Pinterest","Nomes de Bebês","NailFeed: Ideias de Unhas","Pinterest, Inc."
"2026-08-31","拉美","br","巴西","recipes","做饭找菜谱","生活决策","receitas","ok","","","TudoGostoso Receitas","Receitas - Quanto Cobrar","Receitas Globo","Webedia Internet Brasil S A"
"2026-08-31","拉美","br","巴西","travel_plan","旅行做攻略","生活决策","roteiro viagem","ok","","","Wanderlog - Planejar viagens","Roterin","Tripsy: Viagens e Roteiros","Vacation and Travel Planner App LLC"
"2026-08-31","拉美","br","巴西","restaurant","找餐厅","生活决策","avaliações restaurantes","ok","","","Yelp","Foodium - Avaliações Privadas","Avalyo","Yelp, Inc."
"2026-08-31","拉美","br","巴西","beauty_skincare","护肤美妆测评","生活决策","avaliações skincare","ok","","","Belê – Avaliações de Beleza","","","Caroline Prudente"
"2026-08-31","拉美","br","巴西","shopping_deals","购物比价","消费决策","compras ofertas","ok","","","Leroy Merlin: Oferta e Decor","Jamble: Compras em Live","Pontofrio: Compre online","Leroy Merlin Cia Brasileira de Bricolagem"
"2026-08-31","拉美","br","巴西","product_review","买东西看测评","消费决策","avaliações produtos","ok","","","Glassdoor | Vagas e salários","Belê – Avaliações de Beleza","My Business Profile For Google","Glassdoor, Inc."
"2026-08-31","拉美","br","巴西","learn_howto","学东西教程","知识获取","tutoriais aprender","ok","","","Aprender a Desenhar - AR app","Simply Draw: Aprenda desenhar","Simply Piano - Aprenda Rapido","Lidwien Veugen"
"2026-08-31","拉美","br","巴西","local_community","本地社群","本地社群","comunidade local","ok","","","Eventbrite","Lojas das Comunidades Oficial","Spotted - Local Dating App","Eventbrite"
"2026-08-31","拉美","br","巴西","dating","交友约会","关系建立","namoro","ok","","","happn: app de relacionamento","Badoo: Bate-Papo e Encontros","Jaumo Batepapo, Chat e Namoro","HAPPN SAS"
"2026-08-31","拉美","br","巴西","fitness","健身运动","生活决策","treino fitness","ok","","","Treino App: Exercícios em Casa","Treino e Fitness - 30 Dias Fit","Exercícios em Casa: Treino","FITNESS ONLINE MChJ"
"2026-08-31","拉美","br","巴西","home_decor","家居装修","生活决策","decoração casa","low","","","Planta casa IA: Decoração 3D","Home Design Makeover","Irmãos à Obra: Hora da Reforma","Room Planner Ltd"
"2026-08-31","拉美","ar","阿根廷","news_public","新闻与公共议题","信息公共场","noticias","ok","9","X","Google Noticias","Diarios Argentinos","Infobae Argentina","Google LLC"
"2026-08-31","拉美","ar","阿根廷","chat_friends","与朋友聊天","私域沟通","chat amigos","ok","8","Snapchat: Fotos con Amigos","Litmatch - Haz amigos nuevos","Yubo - Haz nuevos amigos","Talkin: Amigos Globales & Chat","CONSTRUCT TECHNOLOGY PTE. LTD."
"2026-08-31","拉美","ar","阿根廷","short_video","看短视频","视频消费","videos cortos","ok","8","TikTok","Captions: Videos cortos con IA","Kwai-el mundo en videos cortos","CapCut: edita videos y fotos","Captions, LLC"
"2026-08-31","拉美","ar","阿根廷","share_photos","分享照片","内容表达","compartir fotos","ok","","","SHAREit: Compartir archivos","Google Fotos","celebrate: compartir fotos","SHAREit Technologies Co. Ltd"
"2026-08-31","拉美","ar","阿根廷","discover_inspiration","找灵感","灵感发现","inspiración ideas","ok","","","Cita del día e inspiración","сreAItion: Ideas de Contenido","Inspírame","AppChocolate Ltd."
"2026-08-31","拉美","ar","阿根廷","recipes","做饭找菜谱","生活决策","recetas","ok","","","Calcular Costos Recetas","Cookpad recetas, cocina casera","RecipeChef - Mis Recetas","Andreia Assis Soares da Conceicao"
"2026-08-31","拉美","ar","阿根廷","travel_plan","旅行做攻略","生活决策","itinerario viaje","ok","","","Wanderlog Planificador d'viaje","TripIt: Travel Planner","Lambus | Planificador de viaje","Vacation and Travel Planner App LLC"
"2026-08-31","拉美","ar","阿根廷","restaurant","找餐厅","生活决策","reseñas restaurantes","ok","","","OpenTable","4foodies","Bocado","OpenTable, Inc."
"2026-08-31","拉美","ar","阿根廷","beauty_skincare","护肤美妆测评","生活决策","reseñas cuidado piel","empty","","","","","",""
"2026-08-31","拉美","ar","阿根廷","shopping_deals","购物比价","消费决策","compras ofertas","ok","","","Temu: compra como millonario","Amazon Compras en Línea","Shopee 9.9 Día de Compras","Whaleco Inc."
"2026-08-31","拉美","ar","阿根廷","product_review","买东西看测评","消费决策","reseñas productos","medium","","","Backlog: Video Game Organizer","Lomo: Diario de Lectura","Mi Lista de Libros: Biblioteca","Different Productions, LLC"
"2026-08-31","拉美","ar","阿根廷","learn_howto","学东西教程","知识获取","tutoriales aprender","ok","","","Simply Draw: Aprende a dibujar","Punto Fácil - Aprende a tejer","Tutoriales programación iOS","Simply Ltd"
"2026-08-31","拉美","ar","阿根廷","local_community","本地社群","本地社群","comunidad local","ok","6","WhatsApp Messenger","Local Church App","Eventbrite","Spotted - Local Dating App","Betabox labs llc"
"2026-08-31","拉美","ar","阿根廷","dating","交友约会","关系建立","citas","ok","","","Bumble: App de Citas y Chat","happn: app de citas","Badoo: Ligar, Citas y Amistad","Bumble Holding Limited"
"2026-08-31","拉美","ar","阿根廷","fitness","健身运动","生活决策","entrenamiento fitness","ok","","","Fitness para Adelgazar en Casa","Fitness & Entrenamiento: 30Fit","Entrenamiento para mujeres","MONTIBUS LTD"
"2026-08-31","拉美","ar","阿根廷","home_decor","家居装修","生活决策","decoración hogar","ok","","","Juegos Decoración del Hogar","Decorando un nuevo hogar","DesignSense - AI Diseño Hogar","BWEB SARL"
"2026-08-31","拉美","cl","智利","news_public","新闻与公共议题","信息公共场","noticias","ok","5","X","Google Noticias","Periódicos Chilenos","CNN: Noticias de última hora","Google LLC"
"2026-08-31","拉美","cl","智利","chat_friends","与朋友聊天","私域沟通","chat amigos","ok","2","Snapchat: Fotos con Amigos","WePlay - Juegos y Chat","Snapchat: Fotos con Amigos","Talkin: Amigos Globales & Chat","WEJOY  PTE. LTD."
"2026-08-31","拉美","cl","智利","short_video","看短视频","视频消费","videos cortos","ok","7","TikTok","DramaBox - Series en Línea","Kwai-el mundo en videos cortos","CapCut: edita videos y fotos","STORYMATRIX PTE. LTD"
"2026-08-31","拉美","cl","智利","share_photos","分享照片","内容表达","compartir fotos","ok","","","SHAREit: Compartir archivos","Compartir Archivos Transferir","Dots Memories: tu historia","SHAREit Technologies Co. Ltd"
"2026-08-31","拉美","cl","智利","discover_inspiration","找灵感","灵感发现","inspiración ideas","ok","","","Cita del día e inspiración","сreAItion: Ideas de Contenido","Inspírame","AppChocolate Ltd."
"2026-08-31","拉美","cl","智利","recipes","做饭找菜谱","生活决策","recetas","ok","","","Calcular Costos Recetas","Cookpad recetas, cocina casera","Tasty","Andreia Assis Soares da Conceicao"
"2026-08-31","拉美","cl","智利","travel_plan","旅行做攻略","生活决策","itinerario viaje","ok","","","TripIt: Travel Planner","Wanderlog Planificador d'viaje","Tripomatic viajes & mapas","TripIt Inc"
"2026-08-31","拉美","cl","智利","restaurant","找餐厅","生活决策","reseñas restaurantes","ok","","","OpenTable","Peckit","Yaam","OpenTable, Inc."
"2026-08-31","拉美","cl","智利","beauty_skincare","护肤美妆测评","生活决策","reseñas cuidado piel","empty","","","","","",""
"2026-08-31","拉美","cl","智利","shopping_deals","购物比价","消费决策","compras ofertas","ok","","","Temu: compra como millonario","Amazon Compras en Línea","AliHelper: Ventas y Descuentos","Whaleco Inc."
"2026-08-31","拉美","cl","智利","product_review","买东西看测评","消费决策","reseñas productos","medium","","","Mi Lista de Libros: Biblioteca","Backlog: Video Game Organizer","Bookshelf: Organizador Libros","BigBalli Consulting llc"
"2026-08-31","拉美","cl","智利","learn_howto","学东西教程","知识获取","tutoriales aprender","ok","","","Punto Fácil - Aprende a tejer","Simply Draw: Aprende a dibujar","Tutoriales programación iOS","AnnapurnApp Technologies UG haftungsbeschrankt"
"2026-08-31","拉美","cl","智利","local_community","本地社群","本地社群","comunidad local","ok","1","WhatsApp Messenger","WhatsApp Messenger","Eventbrite","Tagged -Chill, Chat & Go Live!","WhatsApp Inc."
"2026-08-31","拉美","cl","智利","dating","交友约会","关系建立","citas","ok","","","Bumble: App de Citas y Chat","Badoo: Ligar, Citas y Amistad","Tinder: citas, chat y amigos","Bumble Holding Limited"
"2026-08-31","拉美","cl","智利","fitness","健身运动","生活决策","entrenamiento fitness","ok","","","Fitness para Adelgazar en Casa","Entrenamiento para mujeres","Fitness & Entrenamiento: 30Fit","MONTIBUS LTD"
"2026-08-31","拉美","cl","智利","home_decor","家居装修","生活决策","decoración hogar","ok","","","Easy - Mejoramiento del hogar","Juegos Decoración del Hogar","Zara Home","Cencosud SA"
"2026-08-31","拉美","co","哥伦比亚","news_public","新闻与公共议题","信息公共场","noticias","ok","7","X","Google Noticias","CNN: Noticias de última hora","Periódico EL TIEMPO - Noticias","Google LLC"
"2026-08-31","拉美","co","哥伦比亚","chat_friends","与朋友聊天","私域沟通","chat amigos","ok","5","Snapchat: Fotos con Amigos","Azar - Chat & haz amigos","Litmatch - Haz amigos nuevos","Boo — Citas. Amigos. Chats.","Hyperconnect LLC"
"2026-08-31","拉美","co","哥伦比亚","short_video","看短视频","视频消费","videos cortos","ok","8","TikTok","Kwai-el mundo en videos cortos","DramaBox - Series en Línea","Likee - App de Vídeos Cortos","JOYO TECHNOLOGY PTE. LTD."
"2026-08-31","拉美","co","哥伦比亚","share_photos","分享照片","内容表达","compartir fotos","ok","","","SHAREit: Compartir archivos","Compartir Archivos Transferir","Dots Memories: tu historia","SHAREit Technologies Co. Ltd"
"2026-08-31","拉美","co","哥伦比亚","discover_inspiration","找灵感","灵感发现","inspiración ideas","ok","","","Cita del día e inspiración","сreAItion: Ideas de Contenido","Inspírame","AppChocolate Ltd."
"2026-08-31","拉美","co","哥伦比亚","recipes","做饭找菜谱","生活决策","recetas","ok","","","Calcular Costos Recetas","Cookpad recetas, cocina casera","Tasty","Andreia Assis Soares da Conceicao"
"2026-08-31","拉美","co","哥伦比亚","travel_plan","旅行做攻略","生活决策","itinerario viaje","ok","","","TripIt: Travel Planner","Wanderlog Planificador d'viaje","itinio Recomendaciones locales","TripIt Inc"
"2026-08-31","拉美","co","哥伦比亚","restaurant","找餐厅","生活决策","reseñas restaurantes","ok","","","OpenTable","Tu Directorio En Línea","Degusty","OpenTable, Inc."
"2026-08-31","拉美","co","哥伦比亚","beauty_skincare","护肤美妆测评","生活决策","reseñas cuidado piel","empty","","","","","",""
"2026-08-31","拉美","co","哥伦比亚","shopping_deals","购物比价","消费决策","compras ofertas","ok","","","Temu: compra como millonario","Amazon Compras en Línea","Mercado Libre: Descubre el 9.9","Whaleco Inc."
"2026-08-31","拉美","co","哥伦比亚","product_review","买东西看测评","消费决策","reseñas productos","medium","","","Backlog: Video Game Organizer","Mi Lista de Libros: Biblioteca","Lomo: Diario de Lectura","Different Productions, LLC"
"2026-08-31","拉美","co","哥伦比亚","learn_howto","学东西教程","知识获取","tutoriales aprender","ok","","","Simply Draw: Aprende a dibujar","Crochet Me - Aprende crochet","Punto Fácil - Aprende a tejer","Simply Ltd"
"2026-08-31","拉美","co","哥伦比亚","local_community","本地社群","本地社群","comunidad local","ok","6","WhatsApp Messenger","Local Church App","Eventbrite","Tagged -Chill, Chat & Go Live!","Betabox labs llc"
"2026-08-31","拉美","co","哥伦比亚","dating","交友约会","关系建立","citas","ok","","","Bumble: App de Citas y Chat","Badoo: Ligar, Citas y Amistad","Jaumo App de Citas Chat Amigos","Bumble Holding Limited"
"2026-08-31","拉美","co","哥伦比亚","fitness","健身运动","生活决策","entrenamiento fitness","ok","","","Fitness para Adelgazar en Casa","Entrenamiento para mujeres","Fitness & Entrenamiento: 30Fit","MONTIBUS LTD"
"2026-08-31","拉美","co","哥伦比亚","home_decor","家居装修","生活决策","decoración hogar","ok","","","Juegos Decoración del Hogar","DesignSense - AI Diseño Hogar","Decorando un nuevo hogar","BWEB SARL"
"2026-08-31","大洋洲","au","澳大利亚","news_public","新闻与公共议题","信息公共场","news","ok","","","Apple News","ABC News","Google News","Apple Pty Limited"
"2026-08-31","大洋洲","au","澳大利亚","chat_friends","与朋友聊天","私域沟通","chat with friends","ok","5","Discord – Talk, Play, Hang Out","hmu chat - Make new friends","WeChat","Yubo : Make friends & chat now","Sparkly, LLC"
"2026-08-31","大洋洲","au","澳大利亚","short_video","看短视频","视频消费","short videos","ok","1","YouTube","YouTube","Dailymotion: Social Videos","DramaBox - Stream Drama Shorts","Google LLC"
"2026-08-31","大洋洲","au","澳大利亚","share_photos","分享照片","内容表达","share photos","ok","","","PhotoCircle","Quick Share : File Sharing","BeReal: Photos & Friends Daily","PhotoCircle, Inc."
"2026-08-31","大洋洲","au","澳大利亚","discover_inspiration","找灵感","灵感发现","inspiration ideas","ok","1","Pinterest","Pinterest","Inspired Minds: Activity Ideas","TED Talks: Watch and Learn","Pinterest, Inc."
"2026-08-31","大洋洲","au","澳大利亚","recipes","做饭找菜谱","生活决策","recipes","ok","","","Tasty: Recipes, Cooking Videos","ReciMe: Recipe Keeper","taste.com.au recipes","BuzzFeed"
"2026-08-31","大洋洲","au","澳大利亚","travel_plan","旅行做攻略","生活决策","travel itinerary","ok","","","Wanderlog - Travel Planner","TripIt: Travel Planner","Tripsy: Travel Planner","Vacation and Travel Planner App LLC"
"2026-08-31","大洋洲","au","澳大利亚","restaurant","找餐厅","生活决策","restaurant reviews","ok","","","OpenTable: Restaurant Bookings","Urbanspoon - Restaurant & Food Reviews","Beli","OpenTable, Inc."
"2026-08-31","大洋洲","au","澳大利亚","beauty_skincare","护肤美妆测评","生活决策","skincare reviews","ok","","","Brandefy: Affordable Beauty","OnSkin: Beauty Product Scanner","Skan - #1 Skincare App","Brandefy, Inc."
"2026-08-31","大洋洲","au","澳大利亚","shopping_deals","购物比价","消费决策","shopping deals","ok","","","Kogan.com Shopping","Amazon - Shopping made easy","Groupon - Local Deals Near Me","KOGAN.COM PTY LTD"
"2026-08-31","大洋洲","au","澳大利亚","product_review","买东西看测评","消费决策","product reviews","ok","","","Influenster: Try free products","Yuka - Food & Cosmetic scanner","Trustpilot: Reviews & Ratings","Bazaarvoice, Inc."
"2026-08-31","大洋洲","au","澳大利亚","learn_howto","学东西教程","知识获取","how to tutorials","ok","","","Drawing Desk:Learn to Draw App","Simply Draw: Learn to Draw","Beauty Makeup Tips: How To, Tutorials & Ideas","4Axis Technologies Pte. Ltd."
"2026-08-31","大洋洲","au","澳大利亚","local_community","本地社群","本地社群","local community","ok","1","Nextdoor-Neighbourhood Network","Nextdoor-Neighbourhood Network","My Village – Local Community","Mighty Networks","Nextdoor.com, Inc."
"2026-08-31","大洋洲","au","澳大利亚","dating","交友约会","关系建立","dating","ok","","","Bumble Dating app: Chat & Date","Tinder Dating App: Date & Chat","Hinge Dating App: Match & Date","Bumble Holding Limited"
"2026-08-31","大洋洲","au","澳大利亚","fitness","健身运动","生活决策","workout plan","ok","","","Fitbod Workout & Gym Planner","Strong Workout Tracker Gym Log","Gymverse: Gym Workout Planner","Fitbod Inc."
"2026-08-31","大洋洲","au","澳大利亚","home_decor","家居装修","生活决策","home decor ideas","medium","","","Houzz","Redecor - Home Design Game","Home AI - AI Interior Design","Houzz Inc."
"2026-08-31","大洋洲","nz","新西兰","news_public","新闻与公共议题","信息公共场","news","ok","","","NZ Herald News","Google News","BBC: World News & Stories","NZME Holdings Ltd"
"2026-08-31","大洋洲","nz","新西兰","chat_friends","与朋友聊天","私域沟通","chat with friends","ok","1","Snapchat: Chat with friends","Snapchat: Chat with friends","Yubo : Make friends & chat now","Bored Chat-chat with strangers","Snap, Inc."
"2026-08-31","大洋洲","nz","新西兰","short_video","看短视频","视频消费","short videos","ok","4","TikTok","ReelShort - Stream Drama & TV","Loopsy - Short videos app","Likee - Video, Live, Chat","New Leaf Publishing, Inc."
"2026-08-31","大洋洲","nz","新西兰","share_photos","分享照片","内容表达","share photos","ok","","","FamilyAlbum: Share Baby Photos","PhotoCircle","BeReal: Photos & Friends Daily","MIXI, Inc."
"2026-08-31","大洋洲","nz","新西兰","discover_inspiration","找灵感","灵感发现","inspiration ideas","ok","1","Pinterest","Pinterest","Inspired Minds: Activity Ideas","Wedding Dress Idea Inspiration","Pinterest, Inc."
"2026-08-31","大洋洲","nz","新西兰","recipes","做饭找菜谱","生活决策","recipes","ok","","","Tasty: Recipes, Cooking Videos","Good Food: Recipe Finder","ReciMe: Recipe Keeper","BuzzFeed"
"2026-08-31","大洋洲","nz","新西兰","travel_plan","旅行做攻略","生活决策","travel itinerary","ok","","","TripIt: Travel Planner","Wanderlog - Travel Planner","Stippl - Travel Planner","TripIt Inc"
"2026-08-31","大洋洲","nz","新西兰","restaurant","找餐厅","生活决策","restaurant reviews","ok","","","Urbanspoon - Restaurant & Food Reviews","OpenTable: Restaurant Bookings","Yelp: Food, Services & Reviews","Zomato Media Pvt. Ltd."
"2026-08-31","大洋洲","nz","新西兰","beauty_skincare","护肤美妆测评","生活决策","skincare reviews","ok","","","Brandefy: Affordable Beauty","SKINS - Skincare Analyzer","Skan - #1 Skincare App","Brandefy, Inc."
"2026-08-31","大洋洲","nz","新西兰","shopping_deals","购物比价","消费决策","shopping deals","ok","","","Slickdeals: Deals & Discounts","Amazon - Shopping made easy","Wish: Shop and Save","Slickdeals, LLC"
"2026-08-31","大洋洲","nz","新西兰","product_review","买东西看测评","消费决策","product reviews","ok","","","Trustpilot: Reviews & Ratings","Influenster: Try free products","Atlas: beauty product reviews","Trustpilot AS"
"2026-08-31","大洋洲","nz","新西兰","learn_howto","学东西教程","知识获取","how to tutorials","ok","","","Simply Draw: Learn to Draw","Drawing Desk:Learn to Draw App","Beauty Makeup Tips: How To, Tutorials & Ideas","Simply Ltd"
"2026-08-31","大洋洲","nz","新西兰","local_community","本地社群","本地社群","local community","ok","","","Neplify: Local Community Board","Mighty Networks","Meetup: Social Events & Groups","Choyo Labs Limited"
"2026-08-31","大洋洲","nz","新西兰","dating","交友约会","关系建立","dating","ok","","","Bumble Dating app: Chat & Date","Hinge Dating App: Match & Date","Tinder Dating App: Date & Chat","Bumble Holding Limited"
"2026-08-31","大洋洲","nz","新西兰","fitness","健身运动","生活决策","workout plan","ok","","","30 Day Fitness","Workout for Women: Fitness App","LADDER Strength Training Plans","Mosaic S.r.l."
"2026-08-31","大洋洲","nz","新西兰","home_decor","家居装修","生活决策","home decor ideas","medium","9","Pinterest","Houzz","Redecor - Home Design Game","Home Decoration Ideas","Houzz Inc."
"2026-08-31","非洲","za","南非","news_public","新闻与公共议题","信息公共场","news","ok","","","News24: Trusted News. First","Google News","CNN: Live & Breaking News","24.com Online Studios (pty) Ltd."
"2026-08-31","非洲","za","南非","chat_friends","与朋友聊天","私域沟通","chat with friends","ok","1","Discord – Talk, Play, Hang Out","Discord – Talk, Play, Hang Out","Yubo : Make friends & chat now","Litmatch - Make new friends","Discord Inc."
"2026-08-31","非洲","za","南非","short_video","看短视频","视频消费","short videos","ok","5","TikTok - Videos, Music & LIVE","ReelShort - Stream Drama & TV","Likee - Video, Live, Chat","Dailymotion: Social Videos","New Leaf Publishing, Inc."
"2026-08-31","非洲","za","南非","share_photos","分享照片","内容表达","share photos","ok","","","PhotoCircle","FamilyAlbum: Share Baby Photos","BeReal: Photos & Friends Daily","PhotoCircle, Inc."
"2026-08-31","非洲","za","南非","discover_inspiration","找灵感","灵感发现","inspiration ideas","ok","1","Pinterest: Lifestyle Ideas","Pinterest: Lifestyle Ideas","Wedding Dress Idea Inspiration","Inspired Minds: Activity Ideas","Pinterest, Inc."
"2026-08-31","非洲","za","南非","recipes","做饭找菜谱","生活决策","recipes","ok","","","Tasty: Recipes, Cooking Videos","Kitchen Stories Easy Recipes","ReciMe: Recipes & Meal Planner","BuzzFeed"
"2026-08-31","非洲","za","南非","travel_plan","旅行做攻略","生活决策","travel itinerary","ok","","","TripIt: Travel Planner","Wanderlog - Travel Planner","CheckMyTrip – Travel Itinerary","TripIt Inc"
"2026-08-31","非洲","za","南非","restaurant","找餐厅","生活决策","restaurant reviews","ok","","","Urbanspoon - Restaurant & Food Reviews","OpenTable: Restaurant Bookings","Yelp: Food, Services & Reviews","Zomato Media Pvt. Ltd."
"2026-08-31","非洲","za","南非","beauty_skincare","护肤美妆测评","生活决策","skincare reviews","ok","","","Standard Skin & Beauty","SKIN functional","OnSkin: Beauty Product Scanner","Standard Beauty And Skincare (PTY) LTD"
"2026-08-31","非洲","za","南非","shopping_deals","购物比价","消费决策","shopping deals","ok","","","Slickdeals: Deals & Discounts","Amazon - Shopping made easy","AliExpress Shopping App","Slickdeals, LLC"
"2026-08-31","非洲","za","南非","product_review","买东西看测评","消费决策","product reviews","ok","","","OnSkin: Beauty Product Scanner","Peekage","Rate&Goods. Product reviews","AIBY Incorporated"
"2026-08-31","非洲","za","南非","learn_howto","学东西教程","知识获取","how to tutorials","ok","","","Simply Draw: Learn to Draw","Tutorial for Photoshop - How To Video","Beauty Makeup Tips: How To, Tutorials & Ideas","Simply Ltd"
"2026-08-31","非洲","za","南非","local_community","本地社群","本地社群","local community","ok","","","Mighty Networks","Fizz: Your Authentic Community","Heylo | Build community groups","Mighty Software, Inc."
"2026-08-31","非洲","za","南非","dating","交友约会","关系建立","dating","ok","","","Tinder Dating App: Meet & Date","Hinge Dating App: Match & Date","Badoo: Dating app & Friends","Tinder LLC"
"2026-08-31","非洲","za","南非","fitness","健身运动","生活决策","workout plan","ok","","","Gym Workout App & Fitness Plan","Home Workout - No Equipments","Workout for Women: Fitness App","FITNESS ONLINE MChJ"
"2026-08-31","非洲","za","南非","home_decor","家居装修","生活决策","home decor ideas","medium","6","Pinterest: Lifestyle Ideas","Home Decoration Ideas","Redecor - Home Design Game","Home AI - AI Interior Design","Alper Alten"
"2026-08-31","非洲","ng","尼日利亚","news_public","新闻与公共议题","信息公共场","news","ok","6","X","Opera News: Breaking & Local","CNN: Live & Breaking News","Google News","Opera Norway AS"
"2026-08-31","非洲","ng","尼日利亚","chat_friends","与朋友聊天","私域沟通","chat with friends","ok","8","Snapchat: Chat with friends","hmu chat - Make new friends","Social Chat: Make New Friends","Kipyo Foreign Friend Chat","Sparkly, LLC"
"2026-08-31","非洲","ng","尼日利亚","short_video","看短视频","视频消费","short videos","ok","6","TikTok - Videos, Music & LIVE","DramaBox - Stream Drama Shorts","ReelShort - Stream Drama & TV","NetShort - Popular Dramas & TV","STORYMATRIX PTE. LTD"
"2026-08-31","非洲","ng","尼日利亚","share_photos","分享照片","内容表达","share photos","ok","","","Xender: Transfer, Share Files","Quick Share : File Sharing","FamilyAlbum: Share Baby Photos","Xender (HK) Limited"
"2026-08-31","非洲","ng","尼日利亚","discover_inspiration","找灵感","灵感发现","inspiration ideas","ok","1","Pinterest: Lifestyle Ideas","Pinterest: Lifestyle Ideas","Wedding Dress Idea Inspiration","Inspired Minds: Activity Ideas","Pinterest, Inc."
"2026-08-31","非洲","ng","尼日利亚","recipes","做饭找菜谱","生活决策","recipes","ok","3","Pinterest: Lifestyle Ideas","Recipe Keeper","Tasty: Recipes, Cooking Videos","Pinterest: Lifestyle Ideas","Tudorspan Limited"
"2026-08-31","非洲","ng","尼日利亚","travel_plan","旅行做攻略","生活决策","travel itinerary","ok","","","Wanderlog - Travel Planner","CheckMyTrip – Travel Itinerary","TripIt: Travel Planner","Vacation and Travel Planner App LLC"
"2026-08-31","非洲","ng","尼日利亚","restaurant","找餐厅","生活决策","restaurant reviews","low","","","Yelp: Food, Services & Reviews","Urbanspoon - Restaurant & Food Reviews","OpenTable: Restaurant Bookings","Yelp, Inc."
"2026-08-31","非洲","ng","尼日利亚","beauty_skincare","护肤美妆测评","生活决策","skincare reviews","ok","","","Vett: Trusted Skincare Reviews","Google - More ways to search","Google Chrome","Vett LLC"
"2026-08-31","非洲","ng","尼日利亚","shopping_deals","购物比价","消费决策","shopping deals","ok","","","AliExpress Shopping App","Temu: Shop Like a Billionaire","Amazon - Shopping made easy","Alibaba.com Singapore E-Commerce Private Limited"
"2026-08-31","非洲","ng","尼日利亚","product_review","买东西看测评","消费决策","product reviews","ok","","","Revios — Product Reviews","OnSkin: Beauty Product Scanner","Rate&Goods. Product reviews","Revios, Inc."
"2026-08-31","非洲","ng","尼日利亚","learn_howto","学东西教程","知识获取","how to tutorials","ok","","","Beauty Makeup Tips: How To, Tutorials & Ideas","Hello Piano - Keyboard Lessons","Tutorial for Photoshop - How To Video","Juicestand Inc"
"2026-08-31","非洲","ng","尼日利亚","local_community","本地社群","本地社群","local community","ok","","","Fizz: Your Authentic Community","Meetup: Social Events & Groups","Eventbrite","Fizz Social Corp."
"2026-08-31","非洲","ng","尼日利亚","dating","交友约会","关系建立","dating","ok","","","InDating - Dating and Chat","Tinder Dating App: Meet & Date","Bumble Dating app: Chat & Date","Dmitry Merva"
"2026-08-31","非洲","ng","尼日利亚","fitness","健身运动","生活决策","workout plan","ok","","","Home Workout - No Equipments","Fitbod Workout & Gym Planner","Gym Workout App & Fitness Plan","Leap Health Fitness Limited"
"2026-08-31","非洲","ng","尼日利亚","home_decor","家居装修","生活决策","home decor ideas","medium","4","Pinterest: Lifestyle Ideas","Home AI - AI Interior Design","Home Decoration Ideas","Houzz Home Design & Renovation","HUBX YAZILIM HIZMETLERI ANONIM SIRKETI"
"2026-08-31","非洲","ke","肯尼亚","news_public","新闻与公共议题","信息公共场","news","ok","6","X","Google News","Reuters - Breaking World News","Opera News: Breaking & Local","Google LLC"
"2026-08-31","非洲","ke","肯尼亚","chat_friends","与朋友聊天","私域沟通","chat with friends","ok","1","Snapchat: Chat with friends","Snapchat: Chat with friends","Yubo : Make friends & chat now","Chatme-Chat with friends","Snap, Inc."
"2026-08-31","非洲","ke","肯尼亚","short_video","看短视频","视频消费","short videos","ok","8","YouTube","Likee - Video, Live, Chat","ReelShort - Stream Drama & TV","NetShort - Popular Dramas & TV","LIKEME PTE. LTD."
"2026-08-31","非洲","ke","肯尼亚","share_photos","分享照片","内容表达","share photos","ok","","","FamilyAlbum: Share Baby Photos","PhotoCircle","Xender: Transfer, Share Files","MIXI, Inc."
"2026-08-31","非洲","ke","肯尼亚","discover_inspiration","找灵感","灵感发现","inspiration ideas","ok","1","Pinterest: Lifestyle Ideas","Pinterest: Lifestyle Ideas","Inspired Minds: Activity Ideas","TED Talks: Watch and Learn","Pinterest, Inc."
"2026-08-31","非洲","ke","肯尼亚","recipes","做饭找菜谱","生活决策","recipes","ok","7","Pinterest: Lifestyle Ideas","Tasty: Recipes, Cooking Videos","America's Test Kitchen","Kitchen Stories Easy Recipes","BuzzFeed"
"2026-08-31","非洲","ke","肯尼亚","travel_plan","旅行做攻略","生活决策","travel itinerary","ok","","","TripIt: Travel Planner","Wanderlog - Travel Planner","CheckMyTrip – Travel Itinerary","TripIt Inc"
"2026-08-31","非洲","ke","肯尼亚","restaurant","找餐厅","生活决策","restaurant reviews","medium","","","Urbanspoon - Restaurant & Food Reviews","The Infatuation","OpenTable: Restaurant Bookings","Zomato Media Pvt. Ltd."
"2026-08-31","非洲","ke","肯尼亚","beauty_skincare","护肤美妆测评","生活决策","skincare reviews","ok","","","Vett: Trusted Skincare Reviews","SKINS - Skincare Analyzer","Google - More ways to search","Vett LLC"
"2026-08-31","非洲","ke","肯尼亚","shopping_deals","购物比价","消费决策","shopping deals","ok","","","AliExpress Shopping App","Jumia Online Shopping","Amazon - Shopping made easy","Alibaba.com Singapore E-Commerce Private Limited"
"2026-08-31","非洲","ke","肯尼亚","product_review","买东西看测评","消费决策","product reviews","ok","","","OnSkin: Beauty Product Scanner","Atlas: beauty product reviews","CamScanner - PDF Scanner App","AIBY Incorporated"
"2026-08-31","非洲","ke","肯尼亚","learn_howto","学东西教程","知识获取","how to tutorials","ok","","","STEEZY - Learn How To Dance","Tutorial for Photoshop - How To Video","Learn How to Draw Tutorials","STEEZY Inc"
"2026-08-31","非洲","ke","肯尼亚","local_community","本地社群","本地社群","local community","ok","7","Instagram","Fizz: Your Authentic Community","Meetup: Social Events & Groups","Eventbrite","Fizz Social Corp."
"2026-08-31","非洲","ke","肯尼亚","dating","交友约会","关系建立","dating","ok","","","Tinder Dating App: Meet & Date","OkCupid: Online Dating App","Bumble Dating app: Chat & Date","Tinder LLC"
"2026-08-31","非洲","ke","肯尼亚","fitness","健身运动","生活决策","workout plan","ok","","","Fitbod Workout & Gym Planner","JEFIT Gym Workout Planner","Strong Workout Tracker Gym Log","Fitbod Inc."
"2026-08-31","非洲","ke","肯尼亚","home_decor","家居装修","生活决策","home decor ideas","medium","3","Pinterest: Lifestyle Ideas","Home AI - AI Interior Design","Houzz Home Design & Renovation","Pinterest: Lifestyle Ideas","HUBX YAZILIM HIZMETLERI ANONIM SIRKETI"
"2026-08-31","东欧","pl","波兰","news_public","新闻与公共议题","信息公共场","wiadomości","ok","","","Messages","Onet - wiadomości","Google News","Apple Distribution International"
"2026-08-31","东欧","pl","波兰","chat_friends","与朋友聊天","私域沟通","czat znajomi","ok","","","Blender Dating App Meet & Date","Kiss Kiss 2.0: Friends & Chat","Bumble Dating app: Chat & Date","Blender Soft Ltd"
"2026-08-31","东欧","pl","波兰","short_video","看短视频","视频消费","krótkie filmy","ok","4","YouTube","DramaTV – Watch Drama Shorts","MyDrama: Short Drama Streaming","DramaWave - Dramas & Reels","DRAMA YAZILIM HIZMETLERI ANONIM SIRKETI"
"2026-08-31","东欧","pl","波兰","share_photos","分享照片","内容表达","udostępnij zdjęcia","ok","","","Share calendar photo family","OCR Text Scanner: Extract Text","Image to PDF Converter: Pagzi","Gema Martinez"
"2026-08-31","东欧","pl","波兰","discover_inspiration","找灵感","灵感发现","inspiracje pomysły","ok","1","Pinterest: Lifestyle Ideas","Pinterest: Lifestyle Ideas","personal stylist - Stylaime","NailDrop AI: Nail Art Try On","Pinterest, Inc."
"2026-08-31","东欧","pl","波兰","recipes","做饭找菜谱","生活决策","przepisy","ok","","","Przepisik - Zapisuj Przepisy","Przepisy.pl","RecipeChef: Recipe Manager","Nicole SP Z O.O."
"2026-08-31","东欧","pl","波兰","travel_plan","旅行做攻略","生活决策","plan podróży","ok","","","Wanderlog - Travel Planner","Tripomatic Trip Planner & Maps","Trip Planner: TravelBuddy AI","Vacation and Travel Planner App LLC"
"2026-08-31","东欧","pl","波兰","restaurant","找餐厅","生活决策","opinie restauracje","ok","","","TuZjemy.pl","Sansglu Gluten Free Restaurant","Klika","ADAM JERZY KOZDRA"
"2026-08-31","东欧","pl","波兰","beauty_skincare","护肤美妆测评","生活决策","opinie pielęgnacja","ok","","","Bluvv","","","Bluvv Sp. z o. o."
"2026-08-31","东欧","pl","波兰","shopping_deals","购物比价","消费决策","zakupy oferty","ok","","","żappka: zakupy, promocje Żabka","OLX.pl - Houses, Work, Job","iHerb: Vitamins & Supplements","ZABKA POLSKA SP Z O O"
"2026-08-31","东欧","pl","波兰","product_review","买东西看测评","消费决策","opinie produktów","empty","","","","","",""
"2026-08-31","东欧","pl","波兰","learn_howto","学东西教程","知识获取","poradniki nauka","ok","","","Grade 10 Exam Papers","","","Selborn Arnold Zandamela"
"2026-08-31","东欧","pl","波兰","local_community","本地社群","本地社群","społeczność lokalna","ok","","","Łączy Nas","PLZ","eCityUp","KAROL LUKASZ MROSZCZYK"
"2026-08-31","东欧","pl","波兰","dating","交友约会","关系建立","randki","ok","","","Badoo: Dating app & Friends","Boo — Dating. Friends. Chat.","Yubo : Make friends & chat now","Badoo Software Ltd"
"2026-08-31","东欧","pl","波兰","fitness","健身运动","生活决策","trening fitness","ok","","","Gym Workout App & Fitness Plan","30 Day Fitness at Home","Home Workout for Women","FITNESS ONLINE MChJ"
"2026-08-31","东欧","pl","波兰","home_decor","家居装修","生活决策","wystrój wnętrz","low","","","Planner 5D: AI Home Design","Home Interior Decor: AI Design","Decor AI: Home Interior Design","Planner5D, UAB"
"2026-08-31","东欧","ru","俄罗斯","news_public","新闻与公共议题","信息公共场","новости","ok","6","X","РБК Новости","Anews.com","Новости Плюс","BisnessPress LLC"
"2026-08-31","东欧","ru","俄罗斯","chat_friends","与朋友聊天","私域沟通","чат друзья","ok","1","Snapchat: чат с друзьями","Snapchat: чат с друзьями","Zoe: найди друзей и пообщайся","Kiss Kiss 2.0: Друзья и Чат","Snap, Inc."
"2026-08-31","东欧","ru","俄罗斯","short_video","看短视频","视频消费","короткие видео","ok","6","TikTok(ТикТок)","Likee-Платформа коротких видео","Yappy: видео, клипы, тренды","Wibes: видео, тренды и шопинг","LIKEME PTE. LTD."
"2026-08-31","东欧","ru","俄罗斯","share_photos","分享照片","内容表达","поделиться фото","ok","1","Snapchat: чат с друзьями","Snapchat: чат с друзьями","Google Документы","Lighto - Коллажей,фото эффекты","Snap, Inc."
"2026-08-31","东欧","ru","俄罗斯","discover_inspiration","找灵感","灵感发现","идеи вдохновение","ok","4","Pinterest","Homify - вдохновение для дома","Яндекс Ритм: Идеи для покупок","Wibes: видео, тренды и шопинг","Homify Online GmbH & Co. KG"
"2026-08-31","东欧","ru","俄罗斯","recipes","做饭找菜谱","生活决策","рецепты","ok","","","Food.ru: пошаговые фоторецепты","Яндекс Лавка — заказ продуктов","Рецепты на каждый день с видео","Closed Joint Stock Company""Trade House""Perekrestok"
"2026-08-31","东欧","ru","俄罗斯","travel_plan","旅行做攻略","生活决策","план поездки","ok","","","Tripomatic план & карты","План поездки с легкостью","Trip Planning: все для поездки","Tripomatic s.r.o."
"2026-08-31","东欧","ru","俄罗斯","restaurant","找餐厅","生活决策","отзывы рестораны","ok","","","Tripadvisor: все для поездок","BreadCrumbs: кафе и рестораны","Смена: чек-листы ресторана","Tripadvisor"
"2026-08-31","东欧","ru","俄罗斯","beauty_skincare","护肤美妆测评","生活决策","отзывы уход кожа","empty","","","","","",""
"2026-08-31","东欧","ru","俄罗斯","shopping_deals","购物比价","消费决策","покупки скидки","ok","","","Кошелёк: карты, скидки, бонусы","ЧекСкан: кэшбэк и скидки","Ароматный Мир: скидки, напитки","BESKONTAKT, OOO"
"2026-08-31","东欧","ru","俄罗斯","product_review","买东西看测评","消费决策","отзывы товаров","ok","","","Rate&Goods - Отзывы на товары","Отзывы Товаров - Safe","Отзывы и рейтинги - Rateall","LLC Axiom"
"2026-08-31","东欧","ru","俄罗斯","learn_howto","学东西教程","知识获取","уроки обучение","ok","","","flowkey – обучение пианино","simply piano - Уроки и песни","Английский язык со Skyeng","flowkey GmbH"
"2026-08-31","东欧","ru","俄罗斯","local_community","本地社群","本地社群","местное сообщество","ok","","","City Chat - Знакомства рядом","Spotted - Local Dating App","GeoChat – Общение с соседями","Block Browser INC"
"2026-08-31","东欧","ru","俄罗斯","dating","交友约会","关系建立","знакомства","ok","","","Tabor - Знакомства","Мамба: Знакомства & Общение","Twinby: знакомства рядом","YAUHENI DOUNAR"
"2026-08-31","东欧","ru","俄罗斯","fitness","健身运动","生活决策","тренировки","ok","","","Фитнес тренировки дома, в зале","Тренировки дома -фитнес тренер","Женщина, фитнес для похудения","FITNESS ONLINE MChJ"
"2026-08-31","东欧","ru","俄罗斯","home_decor","家居装修","生活决策","дизайн интерьера","ok","","","Дизайн интерьера ИИ：3D комнаты","Planner 5D - Дизайн Интерьера","Дизайн интерьера с ИИ","Room Planner Ltd"
"2026-08-31","东欧","ua","乌克兰","news_public","新闻与公共议题","信息公共场","новости","ok","3","X","Новости Украины - UA News","Google News","X","Andrey Andrusenko"
"2026-08-31","东欧","ua","乌克兰","chat_friends","与朋友聊天","私域沟通","чат друзья","ok","2","Snapchat: Chat with friends","Badoo: Dating app & Friends","Snapchat: Chat with friends","Boo — Dating. Friends. Chat.","Badoo Software Ltd"
"2026-08-31","东欧","ua","乌克兰","short_video","看短视频","视频消费","короткие видео","ok","","","Likee - Video, Live, Chat","ГыГы Приколы: смешные видео","Movavi - Video & Reels Editor","LIKEME PTE. LTD."
"2026-08-31","东欧","ua","乌克兰","share_photos","分享照片","内容表达","поделиться фото","ok","1","Instagram","Instagram","Snapchat: Chat with friends","Google Docs","Instagram, Inc."
"2026-08-31","东欧","ua","乌克兰","discover_inspiration","找灵感","灵感发现","идеи вдохновение","ok","2","Pinterest: Lifestyle Ideas","homify - home design","Pinterest: Lifestyle Ideas","Cosmos: Search & Discover","Homify Online GmbH & Co. KG"
"2026-08-31","东欧","ua","乌克兰","recipes","做饭找菜谱","生活决策","рецепты","ok","","","Рецепты на каждый день с видео","Cookpad: Recipe & Meal Planner","Eatr・AI Healthy Diet Meal Plan","Sergei Fomichev"
"2026-08-31","东欧","ua","乌克兰","travel_plan","旅行做攻略","生活决策","план поездки","ok","","","Tripomatic Trip Planner & Maps","TripWise AI Trip Planner","Airplanner: Itinerary","Tripomatic s.r.o."
"2026-08-31","东欧","ua","乌克兰","restaurant","找餐厅","生活决策","отзывы рестораны","ok","","","Tripadvisor: Plan & Book Trips","Відгуки та рейтинги - Rateall","Restoran","Tripadvisor"
"2026-08-31","东欧","ua","乌克兰","beauty_skincare","护肤美妆测评","生活决策","отзывы уход кожа","empty","","","","","",""
"2026-08-31","东欧","ua","乌克兰","shopping_deals","购物比价","消费决策","покупки скидки","ok","","","Pokupon & SuperDeal - Deals","Cashback App Smarty.Sale","ЧекСкан: кэшбэк и скидки","SUPERDEAL LIMITED LIABILITY COMPANY"
"2026-08-31","东欧","ua","乌克兰","product_review","买东西看测评","消费决策","отзывы товаров","ok","","","Product Recall Alerts - Safe","Rate&Goods. Product reviews","Hotline Lite: price comparison","Karol Jaworski"
"2026-08-31","东欧","ua","乌克兰","learn_howto","学东西教程","知识获取","уроки обучение","ok","","","Simply Piano: Learn Piano Fast","flowkey – Learn to Play Piano","AR Book: lessons and exercises","Simply Ltd"
"2026-08-31","东欧","ua","乌克兰","local_community","本地社群","本地社群","местное сообщество","ok","","","Spotted - Local Dating App","Squash & Racquetball Training","bubblebump","dua AG"
"2026-08-31","东欧","ua","乌克兰","dating","交友约会","关系建立","знакомства","ok","","","Badoo: Dating app & Friends","Tinder Dating App: Meet & Date","InDating - Dating and Chat","Badoo Software Ltd"
"2026-08-31","东欧","ua","乌克兰","fitness","健身运动","生活决策","тренировки","ok","","","Home Workout - No Equipments","Workout for Women: Fit at Home","Lose Weight at Home in 30 Days","Leap Health Fitness Limited"
"2026-08-31","东欧","ua","乌克兰","home_decor","家居装修","生活决策","дизайн интерьера","medium","","","Home Planner AI：Room Design 3D","Planner 5D: AI Home Design","HomeAura: AI Interior Design","Room Planner Ltd"